Genus,127,126,125,124,123,122,121,120,119,118,117,116,115,114,113,112,111,110,109,108,107,106,105,104,103,102,101,100,99,98,97,96,95,94,93,92,91,90,38,37,36,35,34,33,32,31,30,29,28,27,26,25,24,23,22
Calothrix,42089,45039,67215,37470,47211,52270,64009,86677,56794,47768,62806,60593,68212,6975,64215,61259,46188,41731,9267,36427,61615,55845,71844,35506,47255,34439,40409,48994,30927,30762,33373,55282,47434,32340,81440,60446,155155,56587,73097,32184,36043,39286,42419,45068,39918,17981,23282,39251,33200,25835,31716,20571,50235,29022,49946
Peptoniphilus,36000,41032,60492,42560,43716,47165,58208,78237,46885,42104,55514,53304,61794,7396,58662,49229,40064,37644,8395,33946,55419,50094,66871,32482,41710,30956,34348,44309,29517,27456,30654,49164,39653,28821,77552,55017,143471,52101,68575,31083,31646,35550,37322,41273,36548,15926,21351,36413,29796,24157,28945,18613,46397,26628,45778
Vagococcus,25072,25082,38981,26803,29083,30722,32337,34119,29438,24835,33004,29295,39854,5014,39093,18485,29218,25667,5620,21963,37820,36160,46533,13199,26044,19377,22712,27133,20674,19541,21315,28739,26961,17121,52594,33461,89316,34456,43815,17716,21895,22033,27162,25451,24368,9824,14142,15494,18648,14418,18273,10493,30001,17434,29865
Peptostreptococcus,22170,24876,32863,18999,21882,27097,31004,42466,28479,26808,31989,29457,28501,4194,34601,29422,25775,23205,4658,17938,33242,30700,40287,18467,24574,18142,20621,25779,16248,15844,18268,28511,24970,16988,42458,32506,68730,31163,40020,18047,19639,20132,20882,24025,18712,8650,11955,20163,17656,14671,16604,10829,25985,15759,27347
Clostridium,4542,5031,6867,7610,4775,5472,6836,7553,5679,5090,5568,5531,6034,1016,6934,4762,5223,4521,974,4522,6463,6221,8569,4231,5515,3996,4229,5621,3846,3677,4173,5668,4369,3103,7407,5574,13302,5760,7268,3571,3616,3649,4818,4410,3551,1562,2272,4289,3401,2526,2975,2037,4960,3071,5459
Rickettsia,4561,4670,7340,3498,5224,5385,4476,6090,5523,4470,6478,5404,6576,779,6894,3236,5837,5024,902,3368,7308,6911,9294,3489,4515,3419,3661,5030,3373,3215,4023,5650,4607,3009,9346,5895,15948,6669,7347,3170,3900,3525,5242,4283,3949,1364,1880,3787,3339,2401,3176,1904,4822,3013,5464
Ignatzschineria,3247,3385,5061,2959,4067,4285,2709,4745,3637,3191,4555,3887,4920,622,5452,2540,4369,4519,4708,11120,5463,4766,6159,6410,4366,2302,3366,3843,2627,2367,2964,3923,3271,1980,7080,4299,11271,4779,10589,3218,5044,10926,4832,7330,6554,2553,14209,2605,2249,1565,2171,1313,3366,2075,3953
Pseudomonas,1618,1890,2579,1791,1989,1921,1659,2264,1873,1630,2998,1809,2358,301,2743,1136,1971,1789,264,3444,3640,8774,22608,1138,1444,1334,1280,1853,1210,1204,1532,2216,1540,1038,3571,2212,5747,2289,2621,1115,1231,1075,2257,1361,1402,489,645,1719,2839,4943,3322,2122,1658,1051,1942
Carnobacterium,1738,1591,2564,1612,1943,1837,2381,2077,1888,1898,2715,1702,2478,374,2563,1075,1959,1658,363,1343,2621,2297,3376,707,1609,1165,1363,1577,1322,1321,1318,1938,1666,1024,3368,2109,5630,2151,2802,1117,1386,1361,1959,1496,1630,610,955,1081,1173,914,1083,607,1885,1043,1928
Enterococcus,1396,1402,2087,1907,1550,1676,2061,1854,1580,1439,1704,1564,1996,340,2126,803,1523,1299,291,1172,1964,1946,2643,859,1487,1063,1248,1535,1220,1051,1180,1658,1505,939,2685,1879,4605,1974,2339,1088,1390,1313,1590,1448,1300,548,790,1087,984,770,944,596,1553,908,1649
Erysipelothrix,1248,1449,2211,1422,1540,1740,1237,2247,1486,1371,1667,1496,1981,277,2179,1023,1650,1501,404,1547,2147,2069,2937,1080,1329,1001,1139,1482,1000,976,1119,1711,1246,864,3049,1580,4469,1876,2423,1072,1101,1099,1612,1737,1551,475,775,1154,921,731,949,558,1334,932,1630
Sporosarcina,1061,1295,1909,782,1766,1774,1277,2172,1485,1315,1732,1630,2141,277,2083,1271,1447,1361,371,1271,2103,1778,2513,1085,1096,953,1086,1376,985,964,1147,1755,1365,860,2897,1779,5000,1861,2622,1047,1150,1391,1497,1500,1373,531,1114,1097,824,818,1021,580,1644,948,1656
Propionibacterium,1122,1290,1721,1051,1256,1325,1145,1609,1401,1165,1576,1308,1561,209,1828,1014,1456,1227,223,839,1704,1610,2280,899,1212,841,883,1198,873,774,963,1387,1113,736,2254,1426,3902,1567,1985,871,885,812,1119,1017,968,330,481,827,686,611,724,429,1178,747,1238
Lachnospira,586,728,987,845,760,768,767,1365,804,681,985,1017,1025,121,1094,847,667,612,128,615,942,827,1061,601,708,495,573,860,506,496,575,819,788,461,1377,1064,2568,973,1286,557,573,610,603,662,608,268,385,504,458,397,441,295,778,408,763
Helcococcus,517,568,991,535,780,783,545,1030,794,605,882,792,1077,90,951,539,714,663,144,516,1011,884,1240,487,597,460,467,672,436,365,512,748,684,452,1289,855,2433,884,1140,449,557,511,593,615,572,213,318,419,419,343,467,234,772,431,737
Hydrocarboniphaga,638,648,878,854,580,709,1017,727,720,702,676,725,599,146,852,434,698,578,140,549,730,802,1126,405,685,467,521,673,413,410,516,619,548,409,1006,723,1335,739,910,484,525,459,687,578,390,181,301,494,497,321,356,248,535,378,705
Lactobacillus,431,489,712,722,625,555,564,620,541,454,505,546,650,97,684,335,573,475,99,479,664,679,986,337,483,374,410,588,354,388,423,537,453,282,941,606,1377,589,759,345,414,423,499,460,415,161,256,431,293,243,353,197,512,270,567
Trichococcus,473,468,783,428,458,517,860,373,505,450,446,401,533,104,617,163,502,443,82,384,603,649,946,174,488,293,388,439,374,332,364,483,337,279,696,431,1152,543,564,298,316,285,579,354,308,128,216,326,291,181,242,185,412,273,490
Methylobacterium,398,463,671,358,455,480,391,471,495,385,420,355,624,57,729,316,514,516,80,303,605,629,855,257,437,288,305,479,306,293,372,535,360,251,857,492,1386,594,671,258,367,288,480,347,319,120,169,314,292,193,247,148,420,282,515
Heliorestis,341,405,503,628,350,395,579,696,468,377,469,481,493,89,564,363,383,294,72,376,443,445,582,324,414,310,327,440,284,282,308,426,412,273,612,463,1110,433,583,313,284,301,337,381,288,140,212,360,317,195,226,184,375,270,401
Geobacillus,323,320,552,684,442,474,517,656,361,366,439,468,543,95,464,372,373,343,70,328,535,458,639,306,388,344,340,399,306,269,319,448,276,229,615,408,1197,431,544,273,284,332,370,371,305,131,194,374,273,212,254,173,473,258,409
Thermogemmatispora,310,307,408,395,306,305,434,581,371,366,376,435,429,82,463,373,321,278,52,279,351,351,496,251,365,263,247,355,200,221,272,362,350,219,512,433,925,377,508,257,288,256,277,323,266,139,185,280,228,159,167,143,329,182,344
Chromatium,167,130,246,259,198,193,148,199,158,153,164,154,210,37,220,92,198,268,594,1863,269,182,291,118,136,132,136,157,128,123,154,185,121,77,236,160,452,210,966,166,271,560,282,1039,882,345,2629,125,113,57,84,74,150,72,152
Paenibacillus,239,295,347,392,330,312,295,429,286,298,360,332,398,60,441,215,282,259,41,231,383,367,462,239,278,227,257,297,232,230,306,338,297,172,559,374,995,384,487,224,230,240,320,275,288,120,139,207,186,146,192,108,323,188,311
Alkaliphilus,263,298,352,398,276,324,413,432,337,301,320,327,373,82,410,260,275,210,46,217,305,309,409,200,304,204,219,320,194,197,200,332,265,214,455,334,811,344,433,189,221,197,241,263,245,96,128,207,208,145,154,122,233,185,310
Pseudochrobactrum,234,277,415,140,281,292,221,345,318,261,349,280,374,38,431,214,341,272,49,161,422,344,509,164,233,174,191,262,168,145,225,303,225,160,613,338,874,392,575,205,202,187,281,301,221,97,338,225,192,95,155,98,271,164,329
Phyllobacterium,238,290,423,180,286,297,283,351,338,261,343,311,380,30,448,203,349,261,41,167,433,379,496,187,279,200,167,252,185,152,226,324,229,167,505,391,876,374,417,160,210,156,295,224,172,58,110,146,183,120,186,110,230,162,278
Bacillus,183,195,310,294,227,220,200,260,223,191,243,236,290,49,317,143,197,192,29,165,304,239,346,178,187,168,167,199,179,159,167,215,204,117,314,205,577,245,310,135,153,159,183,146,161,70,96,143,135,92,139,85,177,129,251
Proteus,156,194,254,121,187,177,163,233,174,163,217,190,275,17,321,124,240,209,39,112,308,270,333,105,148,137,113,189,133,117,148,234,144,116,393,207,586,290,282,104,138,109,220,135,148,40,58,138,126,71,127,65,189,112,215
Brochothrix,68,49,89,62,72,68,61,77,86,60,6284,48,97,10,89,38,49,38,8,46,97,71,84,38,67,47,56,77,44,45,47,61,55,34,88,63,177,81,71,39,50,39,55,52,39,31,34,50,42,31,26,21,72,35,58
Bartonella,170,172,251,256,179,174,214,173,154,154,173,149,195,42,229,92,186,195,43,121,271,224,331,118,163,133,143,191,136,161,153,195,107,84,272,160,415,214,295,114,117,122,221,141,133,44,113,179,104,73,86,62,150,89,188
Hydrocoleum,150,162,241,164,169,177,180,299,193,171,213,209,248,22,228,204,149,129,32,126,203,189,250,162,240,151,131,220,116,121,133,165,151,106,232,178,474,168,236,105,130,114,119,166,138,62,77,136,102,74,101,62,198,90,183
Arthrobacter,149,167,211,141,172,181,182,215,188,158,208,142,218,27,245,104,234,179,32,115,256,217,360,112,151,134,117,139,122,97,131,233,120,114,357,152,564,179,278,93,108,109,178,133,142,35,65,134,105,88,109,28,166,88,184
Bacteroides,112,109,173,124,121,114,22,125,116,117,139,105,153,20,213,35,177,157,30,87,192,216,389,70,85,108,83,135,107,69,109,147,105,73,250,111,324,226,870,90,108,71,164,404,393,58,58,67,98,42,76,56,101,69,144
Thermicanus,118,118,170,113,119,153,157,184,151,125,162,172,165,30,203,92,127,94,27,94,158,150,211,67,135,81,108,165,96,83,95,148,124,81,242,165,426,169,203,78,112,84,155,124,114,37,62,86,91,70,104,50,126,84,127
Leucobacter,112,132,164,92,151,151,129,160,144,126,126,103,162,18,188,109,163,142,12,76,202,191,274,109,111,107,101,96,80,85,100,170,135,73,295,130,403,150,210,67,96,78,133,91,103,52,46,103,78,62,80,30,112,81,152
Acinetobacter,104,105,135,139,130,115,77,154,101,114,145,98,164,21,204,64,161,151,25,90,148,167,204,98,99,98,77,134,104,83,106,134,104,63,229,138,363,154,194,69,76,58,421,121,113,28,52,97,87,46,73,41,111,83,132
Myroides,34,38,76,58,52,58,18,63,38,35,52,48,74,12,68,16,82,55,1,54,89,112,142,37,38,45,64,61,245,79,57,54,27,26,105,42,149,74,75,40,36,27,94,271,3314,16,25,24,42,17,21,16,31,31,67
Pectinatus,103,98,124,128,122,123,152,183,170,118,132,161,133,26,188,115,106,79,21,78,116,110,170,97,135,91,91,138,92,90,99,128,139,70,176,134,295,132,180,83,101,91,84,113,81,41,55,109,69,56,58,56,102,72,121
Enterobacter,103,109,158,66,107,126,86,164,137,106,159,108,166,10,183,74,122,106,19,78,178,144,183,72,90,71,80,114,72,68,98,154,146,117,259,140,407,167,174,83,89,62,103,89,89,32,35,70,79,46,74,37,129,48,112
Sulfurospirillum,76,107,138,150,90,98,143,140,135,108,105,125,138,29,152,60,88,80,23,101,103,99,137,84,110,68,81,85,88,72,75,96,89,71,165,127,280,115,131,111,99,67,91,121,77,50,49,81,82,76,74,59,106,65,105
Rickettsiella,90,104,137,74,97,96,134,179,132,86,133,134,115,23,136,108,107,74,17,93,110,115,160,72,97,93,83,124,54,62,97,112,108,68,174,127,304,111,143,70,88,76,99,90,93,31,65,77,57,57,55,42,104,50,136
Providencia,70,89,123,152,94,106,74,101,86,68,89,78,114,24,133,52,90,86,12,120,450,128,154,65,78,69,56,73,84,94,87,103,66,50,155,66,240,120,109,58,59,44,203,139,150,43,40,66,49,31,60,25,86,42,100
Ochrobactrum,63,80,138,137,108,111,61,117,94,70,104,90,129,13,140,67,80,88,16,60,124,123,166,67,97,65,63,122,57,70,74,100,75,60,153,90,282,100,169,51,54,62,80,92,61,21,54,71,74,38,65,31,99,63,98
Rhodococcus,66,76,96,81,98,84,90,125,117,90,123,95,117,17,110,67,109,79,9,51,116,108,148,64,88,51,71,87,58,41,47,108,60,58,160,104,274,113,145,46,76,45,98,75,70,21,26,58,64,29,60,28,68,51,89
Pedobacter,89,79,126,85,80,98,34,65,98,53,98,65,93,13,146,26,136,85,6,65,137,143,233,42,62,64,41,96,61,53,78,94,68,55,156,83,237,121,119,47,44,42,141,74,93,17,44,50,50,38,66,36,86,34,97
Caloramator,74,61,93,135,93,76,84,125,105,102,92,87,114,22,129,62,68,59,18,64,86,103,122,68,110,69,74,98,68,64,77,90,86,50,107,100,230,76,138,66,66,54,51,89,67,38,41,71,38,38,44,25,73,36,82
Rathayibacter,71,79,98,120,67,101,120,119,99,62,97,107,109,25,126,70,89,64,16,81,101,94,122,58,90,63,52,92,48,55,62,85,69,60,120,103,213,105,120,54,70,55,51,76,62,36,39,54,62,28,38,30,56,49,75
Exiguobacterium,64,68,94,128,89,76,72,110,73,115,118,73,125,21,116,51,70,55,8,74,167,81,95,69,72,68,49,71,52,66,75,77,53,32,135,82,254,105,110,48,70,66,57,60,53,19,38,59,38,37,36,24,86,55,84
Corynebacterium,63,71,126,82,79,87,71,81,99,83,98,88,106,16,126,65,79,74,17,60,124,99,137,33,101,55,56,56,76,48,58,97,66,32,137,91,246,85,122,51,54,52,62,54,61,13,34,56,48,26,46,22,74,45,88
Microbacterium,87,68,102,82,63,78,81,92,74,68,105,74,98,17,113,39,96,63,15,55,106,113,149,50,86,65,61,83,67,50,61,83,48,47,152,60,223,69,129,53,69,62,80,42,56,16,31,68,54,40,43,25,78,44,86
Devosia,65,73,114,82,71,82,67,80,90,60,67,64,99,9,88,37,99,83,11,50,118,99,157,42,53,49,45,99,43,24,64,85,57,30,140,87,213,88,108,40,45,44,96,73,55,16,33,51,41,34,56,21,60,34,103
Chroococcus,63,60,80,81,70,51,97,121,102,80,81,93,79,21,102,69,59,57,12,46,80,65,97,60,82,59,59,101,45,72,57,61,65,30,106,103,187,73,105,59,62,40,60,62,52,25,32,57,55,27,39,38,67,46,77
Desulfuromusa,69,75,83,115,66,88,88,121,91,79,83,89,82,15,108,68,51,53,16,65,72,65,77,61,75,57,40,75,47,39,61,52,69,44,87,88,157,78,104,49,54,49,54,70,46,29,37,56,51,37,43,35,67,50,66
Streptococcus,59,64,105,60,53,70,44,100,67,63,96,121,84,14,97,37,74,71,3,38,89,84,110,29,52,46,45,59,42,40,53,68,72,39,144,80,192,65,104,36,50,51,50,58,48,20,33,21,44,43,43,17,68,42,40
Peptococcus,46,55,83,69,61,79,98,102,78,65,72,85,76,27,86,56,50,37,11,59,54,66,90,42,57,39,26,62,34,28,47,76,69,62,108,96,184,90,101,42,40,51,37,51,58,24,36,37,50,32,39,23,64,47,59
Thiothrix,64,54,85,101,68,73,56,75,57,60,72,68,60,15,91,31,53,67,30,194,83,68,106,41,58,46,50,64,55,49,52,58,46,38,89,58,132,76,90,40,45,45,55,42,59,19,42,47,31,28,19,18,47,39,70
Dietzia,58,53,94,47,72,72,61,72,86,63,69,47,95,12,98,45,77,67,9,30,108,97,134,40,54,38,52,68,40,50,39,87,57,30,113,61,191,81,83,42,43,38,51,44,34,6,27,52,28,32,36,21,48,36,80
Staphylococcus,69,59,64,70,72,73,68,60,68,34,56,50,59,15,73,29,66,45,12,62,85,75,133,42,48,59,32,58,60,45,53,53,65,36,124,59,223,136,122,44,56,45,44,56,47,22,26,26,36,18,27,12,72,47,77
Lentibacillus,60,51,106,70,59,63,67,72,75,60,62,75,77,10,85,36,68,54,12,54,82,74,113,42,54,52,54,70,49,50,78,69,40,38,89,60,180,66,88,44,46,56,69,58,49,22,18,40,41,32,40,30,59,31,59
Actinomyces,59,53,80,108,43,51,68,99,88,67,57,65,68,20,101,41,51,45,6,67,56,73,74,47,64,49,32,64,51,43,52,55,89,33,72,69,153,60,104,45,52,34,41,54,35,19,31,48,40,27,27,16,38,41,43
Mycoplasma,58,45,67,84,46,68,66,86,82,51,58,72,71,11,76,50,56,51,11,54,57,62,71,45,73,46,35,63,40,38,39,57,74,32,96,75,144,72,106,42,53,44,64,55,49,27,60,30,35,29,23,21,41,26,67
Thiomonas,56,48,68,82,51,45,49,53,66,52,92,63,65,13,98,48,69,41,14,39,69,76,99,42,65,34,47,83,52,50,58,53,55,35,98,79,156,76,92,37,51,48,52,35,44,17,16,35,38,33,31,21,57,38,67
Agromyces,41,52,71,77,52,49,44,64,64,46,51,60,70,18,64,33,49,48,11,27,79,56,87,54,73,47,54,48,44,41,48,55,50,24,64,60,161,65,76,41,33,41,58,30,40,10,21,33,29,20,26,19,58,21,67
Amycolatopsis,43,47,60,82,52,51,67,77,47,39,44,66,64,13,71,44,54,53,9,48,78,65,106,39,65,40,43,65,55,26,49,71,41,31,81,51,129,55,65,25,30,43,38,31,45,6,24,48,31,21,28,26,44,34,52
Enhydrobacter,39,37,76,51,55,49,38,49,52,51,55,45,72,7,71,21,82,62,9,26,88,66,88,29,35,32,33,65,34,32,50,69,62,38,111,69,160,71,80,29,40,36,47,24,41,4,10,30,33,16,29,10,39,40,55
Legionella,58,38,67,89,37,55,54,78,67,44,59,67,61,8,65,43,38,36,20,42,43,71,73,41,53,38,36,54,33,32,46,45,51,31,68,60,109,58,64,40,47,38,48,48,46,19,34,40,42,18,39,24,40,33,45
Desulfosporosinus,30,44,58,51,53,57,49,90,55,44,57,61,82,9,55,43,37,43,10,46,67,46,66,38,45,36,35,46,23,34,24,48,58,29,83,63,161,62,75,36,33,36,29,55,58,19,17,38,35,20,32,14,66,34,63
Nostoc,34,42,66,51,47,55,55,101,54,43,61,46,72,7,67,47,29,42,11,25,41,55,67,37,60,29,45,67,34,34,40,43,43,35,70,54,145,51,71,36,36,23,27,38,35,19,14,39,30,22,30,16,61,29,49
Vitreoscilla,25,37,64,18,39,40,21,44,34,24,47,26,55,5,67,30,35,29,13,23,60,42,59,18,23,20,25,40,34,21,22,33,36,25,76,29,109,45,107,24,27,13,36,126,195,71,175,39,19,14,24,5,33,17,49
Desulfotomaculum,43,40,50,89,41,32,58,66,55,50,56,62,51,12,69,39,33,26,3,42,27,35,61,45,54,32,33,80,30,45,45,38,38,32,67,51,101,35,55,41,44,38,24,48,36,17,16,43,30,31,35,14,35,20,46
Agrobacterium,28,58,77,30,67,52,36,52,39,28,49,44,79,10,85,26,49,46,5,34,54,66,79,38,46,31,24,36,32,25,46,42,33,31,79,49,145,57,75,24,28,31,29,22,39,16,10,37,34,17,21,11,46,26,48
Alkalibacillus,31,46,46,66,32,43,60,55,49,45,57,59,50,18,78,37,37,38,4,36,46,55,75,26,40,44,23,48,18,36,36,45,57,30,64,56,103,48,71,30,25,33,28,48,46,15,35,29,26,29,30,19,31,23,39
Flavobacterium,22,31,54,29,25,35,18,35,53,22,38,30,32,2,48,11,58,32,0,20,49,62,101,22,20,18,21,36,17,30,36,44,23,21,57,46,129,61,46,24,35,17,44,55,475,11,11,19,21,11,16,5,29,18,31
Thermus,31,48,76,32,40,34,41,35,43,28,37,43,48,8,60,18,51,42,12,30,83,61,99,29,40,39,40,35,38,18,48,44,23,19,70,48,121,59,67,24,45,28,60,29,25,18,21,34,19,12,28,18,38,32,49
Micromonospora,46,40,45,69,42,33,40,62,47,47,48,42,50,10,65,24,52,41,5,37,73,45,71,32,41,36,29,57,25,32,36,31,44,20,59,52,113,42,51,38,38,20,42,43,43,15,18,28,36,14,26,18,37,21,41
Rubellimicrobium,47,53,75,45,41,43,45,52,57,35,41,44,52,11,72,19,41,49,10,26,66,61,74,26,33,26,23,48,23,27,34,51,24,28,95,49,117,52,73,17,21,29,40,32,38,22,16,26,16,13,29,15,31,26,53
Microcoleus,45,45,61,19,23,47,70,61,47,49,66,53,54,7,61,31,45,24,8,24,41,38,62,23,45,25,29,40,25,14,21,38,57,31,89,63,122,63,90,30,29,38,31,33,40,16,20,29,31,20,22,11,37,16,37
Cohnella,35,47,56,48,53,49,46,46,50,27,44,36,48,11,61,23,47,50,5,41,41,54,76,25,25,27,33,30,21,32,39,48,34,23,66,44,106,50,59,28,25,37,45,41,27,12,24,38,36,22,23,14,31,27,50
Francisella,18,35,55,70,29,38,39,62,31,33,41,49,43,8,40,35,40,30,14,69,32,33,55,44,39,25,30,46,18,19,38,44,41,28,58,39,88,47,70,25,46,54,36,55,36,18,81,33,26,17,14,13,25,21,31
Trichodesmium,29,37,45,42,42,55,57,67,44,28,45,65,60,7,50,51,40,37,10,16,58,37,52,31,44,28,32,43,25,27,28,36,42,31,55,53,107,47,58,27,20,34,32,41,26,14,16,25,29,24,28,24,41,22,33
Morganella,16,16,26,9,22,14,11,31,24,18,23,20,22,4,31,16,26,16,4,8,25,30,33,8,11,12,10,18,18,112,26,24,17,8,40,18,54,33,85,32,21,23,286,294,271,85,27,29,9,9,13,7,10,6,26
Micrococcus,46,38,57,33,36,41,46,44,70,29,36,48,40,3,59,18,53,36,9,25,45,46,77,26,32,31,40,33,27,31,30,40,26,20,70,50,118,42,62,13,31,16,49,37,28,14,23,34,29,12,21,15,37,8,62
Wohlfahrtiimonas,24,33,48,25,36,37,21,58,34,22,47,33,51,6,45,24,39,37,4,32,32,55,54,19,33,19,21,28,29,23,31,41,41,15,59,34,115,61,75,27,28,29,46,59,87,28,101,26,23,15,22,12,31,15,48
Propionispora,20,36,36,29,38,42,51,63,45,42,43,54,54,7,58,31,34,28,9,24,37,47,56,27,43,42,27,40,31,19,32,33,44,29,62,48,91,51,61,22,31,33,37,38,34,14,16,31,23,28,28,15,31,29,47
Pontibacillus,39,30,41,57,28,33,47,36,41,42,61,44,54,11,60,20,44,37,9,42,44,39,57,15,42,29,37,38,35,36,37,38,38,31,45,41,107,53,56,20,28,21,43,28,27,21,23,31,23,21,16,18,42,23,37
Prevotella,41,36,55,39,42,50,16,21,30,33,41,35,31,3,62,7,61,49,6,39,48,59,121,23,21,19,25,53,32,30,26,60,30,22,75,35,99,56,55,24,18,20,73,19,25,6,19,32,26,14,16,8,32,21,39
Actinopolymorpha,31,35,52,52,32,36,28,48,40,29,47,28,46,11,54,35,31,37,10,31,51,35,49,35,36,30,32,32,28,27,37,35,56,16,52,47,124,43,60,27,23,20,16,29,29,13,21,17,24,22,19,15,39,26,40
Dolichospermum,30,27,51,47,39,45,32,56,39,25,33,43,41,8,55,49,36,41,9,29,43,43,69,34,44,24,32,39,26,24,40,25,35,27,38,29,97,25,44,20,24,30,27,30,30,14,17,33,19,24,19,16,33,25,33
Anaerococcus,29,43,68,24,34,45,25,44,32,16,46,46,44,4,49,23,49,35,3,20,47,61,53,31,25,25,17,31,33,23,26,41,32,20,59,32,119,52,62,19,20,23,37,28,32,13,8,23,28,14,15,11,37,28,40
Lysinibacillus,17,27,47,16,26,51,31,38,30,57,45,32,54,4,35,26,47,32,21,76,88,30,41,27,25,19,23,28,21,16,27,27,23,24,62,33,100,40,50,27,19,31,29,23,24,12,8,24,21,17,18,12,34,17,46
Leuconostoc,29,18,38,44,33,43,16,40,33,20,58,25,54,2,49,22,32,26,3,25,43,45,90,30,29,26,24,45,18,31,26,35,36,27,57,30,107,47,49,20,26,18,28,26,27,8,11,34,19,16,27,14,29,23,35
Sphingomonas,22,27,39,24,41,44,36,42,29,28,35,41,37,7,52,15,37,22,3,40,45,57,75,25,34,20,21,42,24,19,28,37,31,19,51,38,92,51,62,28,21,32,30,20,28,10,24,22,23,18,21,14,18,16,28
Bradyrhizobium,25,31,44,35,38,31,32,44,49,16,32,36,44,5,61,20,37,30,2,28,47,43,70,22,28,25,25,37,14,25,26,37,27,19,75,30,88,35,43,17,14,22,43,20,22,6,14,31,18,17,20,6,30,19,33
Oxalobacter,4,11,13,8,8,11,7,7,10,12,6,12,8,0,15,6,11,16,6,4,17,15,16,4,4,8,5,10,6,6,6,7,12,7,17,14,30,15,64,9,8,1,8,432,359,55,272,6,2,4,4,2,11,5,17
Snowella,29,31,43,57,27,25,36,46,28,29,31,42,32,2,36,32,15,15,8,22,29,31,41,36,28,21,26,39,28,14,27,33,18,17,31,30,73,47,33,23,24,25,23,21,17,7,11,15,20,14,11,18,36,17,37
Psychrobacter,22,20,32,35,27,28,24,36,29,26,83,17,24,6,39,17,26,22,2,26,29,34,50,27,17,22,59,37,45,28,26,31,17,16,38,30,61,35,33,21,16,15,29,22,29,8,16,11,18,14,16,5,29,16,34
Lactococcus,22,22,32,32,21,33,37,22,35,27,30,32,37,5,34,20,31,17,6,19,45,27,31,17,24,20,24,29,23,22,24,32,29,17,54,37,86,48,50,14,34,8,23,29,23,11,17,20,18,18,16,9,21,9,36
Brevibacillus,23,26,30,48,24,27,21,33,29,22,23,33,35,5,38,12,40,31,8,21,36,36,60,14,25,24,23,38,19,30,33,14,18,15,47,14,67,42,48,28,20,14,17,27,18,6,9,27,13,10,15,5,24,15,36
Chryseobacterium,27,18,36,15,18,26,4,28,25,15,50,29,37,1,33,14,46,19,7,19,42,32,55,20,26,18,18,26,26,37,51,28,20,14,58,28,85,32,47,18,18,16,29,30,24,3,7,6,13,7,16,8,22,15,38
Anaerobranca,24,19,25,25,28,19,30,38,24,27,32,29,30,6,36,26,22,29,8,17,25,21,37,24,23,28,18,25,15,12,13,23,20,15,49,37,82,34,45,23,24,16,26,26,20,12,17,16,17,16,14,10,22,15,25
Thermodesulfatator,23,30,33,34,23,37,24,33,28,16,20,30,37,7,33,14,28,36,2,16,41,28,53,25,25,19,19,34,14,12,18,33,23,11,44,32,70,31,34,15,15,22,20,20,20,8,5,12,11,9,14,11,25,15,34
Tetragenococcus,26,22,40,48,24,20,28,34,35,26,26,20,38,8,38,14,18,20,6,14,35,31,43,17,28,17,19,28,23,17,28,20,23,6,33,28,72,28,30,17,20,13,31,23,20,8,10,28,14,12,14,18,15,19,31
Aurantimonas,11,32,26,27,23,14,21,32,36,29,22,27,26,1,38,14,53,29,6,19,38,37,61,11,23,13,16,23,20,8,16,20,19,15,48,27,81,21,55,13,14,18,22,21,17,5,11,12,15,9,16,6,25,10,34
Pediococcus,20,25,42,32,30,27,21,23,23,22,26,25,25,5,36,17,30,15,2,21,38,25,55,20,24,21,27,22,19,16,22,35,19,13,44,26,55,27,26,16,18,24,24,14,13,7,9,13,16,7,15,9,24,17,27
Arcobacter,22,23,30,54,22,15,43,46,32,18,22,33,37,7,37,22,24,11,4,21,20,27,37,22,21,13,15,25,16,17,22,21,39,18,24,46,59,29,39,15,21,10,18,20,15,12,11,11,13,9,9,8,19,6,17
Geobacter,16,22,24,14,23,28,16,20,25,17,31,19,28,2,32,12,37,29,2,15,38,28,58,14,21,16,15,22,14,21,17,26,21,13,57,28,72,17,51,11,20,19,27,13,16,3,10,12,12,8,18,8,26,13,28
Planococcus,21,21,27,26,20,27,28,28,23,22,24,23,25,5,37,9,18,23,6,21,27,31,37,14,24,18,20,31,19,14,15,27,19,16,33,18,61,19,35,18,16,20,30,12,18,7,9,20,15,7,12,5,27,17,26
Marinobacter,13,18,25,16,21,12,18,20,22,8,21,9,28,1,37,12,20,23,5,44,26,73,151,8,14,14,16,14,14,8,18,22,8,10,40,27,46,21,23,14,15,20,23,13,10,8,21,13,10,24,12,13,11,11,21
Singulisphaera,25,16,22,15,20,19,9,18,31,9,15,21,24,3,39,1,34,17,5,18,45,40,87,13,28,11,12,17,12,9,21,32,18,8,44,25,54,27,35,13,12,9,32,18,26,5,10,12,10,9,12,11,15,10,13
Stenotrophomonas,14,14,25,20,14,17,19,22,28,20,24,20,24,3,31,19,23,24,2,14,32,23,49,18,13,11,11,20,13,12,21,20,20,10,46,14,81,29,30,16,19,9,18,12,12,6,14,15,15,15,9,10,17,19,14
Macrococcus,12,18,27,32,26,19,25,21,23,18,19,23,27,5,38,10,16,7,1,19,23,18,34,15,18,9,24,20,12,14,24,13,27,10,29,20,56,27,34,13,20,16,13,16,23,8,19,13,13,9,10,13,23,9,17
Virgibacillus,18,11,27,22,17,23,13,24,17,29,25,29,29,6,30,10,21,19,4,14,26,28,34,20,34,12,14,28,16,12,23,19,27,11,34,26,49,17,16,9,11,7,20,15,19,5,10,11,16,12,6,14,18,10,30
Candidatus Endobugula,14,17,24,25,12,22,22,30,30,27,23,22,21,6,31,16,11,23,4,12,16,19,40,11,22,14,15,28,22,15,18,18,25,20,28,27,50,27,24,12,13,16,10,20,15,12,11,20,12,8,11,12,11,10,17
Kocuria,28,22,16,11,15,23,27,24,18,20,22,24,18,4,18,11,20,23,5,17,32,27,45,12,26,16,13,19,9,10,20,28,14,22,33,22,51,27,42,17,8,12,16,19,13,6,3,14,17,6,21,6,14,8,20
Tolumonas,26,24,27,30,15,21,29,14,19,8,21,16,22,4,41,7,25,25,5,27,32,22,25,10,11,19,13,24,12,10,15,26,15,17,38,19,55,20,29,17,16,15,31,22,16,7,9,16,3,3,12,8,12,15,7
Curtobacterium,23,23,44,21,18,31,23,21,18,21,20,27,26,2,32,16,18,20,5,17,22,27,38,15,15,14,20,7,13,14,13,18,17,18,28,15,43,16,26,7,6,18,17,11,15,3,9,26,7,7,10,8,25,14,19
Sulfobacillus,20,11,21,39,17,17,20,24,36,17,23,22,18,7,21,18,13,6,5,11,16,17,28,8,19,16,17,20,18,11,11,23,22,12,26,24,52,19,31,9,26,21,17,16,17,13,8,13,13,12,11,9,18,12,12
Cycloclasticus,17,22,18,31,15,20,15,25,21,18,22,17,28,1,33,12,22,14,4,29,23,13,26,14,21,17,3,20,16,11,19,9,18,10,29,20,46,15,30,16,20,15,19,14,13,13,29,16,7,9,5,9,23,10,18
Gemella,14,20,25,22,11,20,28,31,28,18,24,36,21,11,28,15,11,18,4,20,14,26,21,14,18,13,10,12,17,7,10,18,19,6,36,29,53,30,21,11,12,16,14,23,16,4,11,16,12,9,11,10,13,10,12
Soehngenia,16,19,30,9,23,13,38,32,19,22,27,21,20,3,17,14,15,19,2,8,16,20,38,13,6,9,8,18,9,6,12,19,12,13,39,24,51,26,40,18,10,12,11,29,30,8,7,16,10,4,17,8,16,7,17
Candidatus Blochmannia,15,20,19,34,11,15,24,26,26,21,30,30,27,5,33,11,21,14,3,16,12,22,25,20,21,7,9,24,14,12,22,18,16,9,28,23,43,18,23,11,18,15,11,8,19,5,14,19,11,7,10,5,13,8,24
Luteococcus,20,28,31,21,18,21,19,15,31,6,15,10,32,1,26,11,33,21,4,12,24,24,36,10,14,17,13,36,10,12,16,22,11,10,33,23,41,18,27,10,4,13,22,18,12,2,9,16,8,9,8,1,23,12,14
Streptomyces,29,18,32,12,10,24,20,15,31,19,24,25,22,9,19,12,20,20,1,15,13,25,39,14,18,13,15,11,8,11,18,18,18,12,34,22,53,19,27,9,13,14,21,16,10,2,12,19,10,6,5,8,12,14,15
Slackia,21,14,30,27,15,21,19,19,24,16,28,16,25,3,24,4,16,13,4,13,22,21,26,6,20,10,22,14,12,12,6,23,23,16,30,24,46,20,26,14,12,12,19,13,13,4,7,9,13,9,7,5,15,11,17
Alkalibacterium,18,18,22,28,13,16,17,19,19,10,16,20,15,2,26,5,20,16,3,16,15,29,31,8,18,13,12,20,11,17,9,16,12,11,29,22,51,25,31,6,11,14,13,15,18,9,11,12,9,12,14,8,11,8,13
Dyadobacter,12,14,18,31,4,14,11,20,20,16,14,13,17,4,21,10,12,12,4,27,16,12,21,14,18,14,12,12,11,22,22,15,16,8,21,17,38,18,34,11,15,24,14,28,25,13,46,3,10,5,5,9,9,7,14
Halanaerobium,22,24,23,26,14,15,18,16,23,21,17,23,19,2,25,10,16,12,4,12,16,10,21,10,14,6,20,16,8,6,17,21,27,14,37,20,40,24,30,17,15,10,12,11,14,5,8,9,11,4,6,7,14,5,18
Planomicrobium,16,14,20,31,14,26,21,31,23,10,24,11,24,5,23,11,14,15,2,14,19,26,28,12,17,9,13,14,16,10,11,13,23,8,26,15,37,14,22,12,10,16,13,7,11,7,4,14,10,8,11,5,16,4,17
Sporolactobacillus,11,11,16,38,15,14,19,22,24,22,13,15,26,6,24,5,8,6,3,18,22,13,11,6,19,11,5,17,18,14,15,13,18,12,23,25,53,16,22,13,17,12,9,19,8,5,6,10,8,7,7,4,18,14,14
Amaricoccus,16,14,18,19,14,15,6,17,30,15,15,22,14,3,27,6,10,11,4,16,23,26,32,10,18,10,13,20,17,10,9,6,8,10,31,23,42,18,26,10,13,11,17,16,10,5,10,13,7,8,7,3,15,4,20
Agrococcus,19,11,32,26,13,13,23,19,8,12,14,9,17,1,26,8,24,12,4,10,25,29,33,17,15,9,14,11,12,11,12,20,10,4,32,12,34,20,22,9,4,10,16,16,12,9,5,16,4,10,7,5,23,8,11
Dethiosulfovibrio,12,12,12,10,20,17,23,17,14,13,24,13,12,4,19,12,16,9,1,16,17,14,17,16,15,15,13,14,13,13,16,14,20,11,19,11,44,18,25,9,12,15,9,13,8,8,13,6,10,13,9,8,17,14,9
Hymenobacter,21,17,19,25,16,18,13,15,13,16,13,7,18,6,12,12,17,11,3,13,18,18,31,10,23,5,13,16,8,13,9,11,16,9,15,20,33,16,18,7,12,15,15,15,13,5,11,15,12,7,3,5,10,7,21
Delftia,12,16,24,10,17,24,14,19,9,4,15,23,12,5,34,13,16,14,4,5,15,13,26,15,8,8,14,20,16,6,9,13,8,5,35,18,53,20,16,10,3,5,14,17,11,4,7,12,8,2,9,6,10,14,14
Aeromicrobium,9,19,18,18,8,11,9,16,19,11,13,17,8,1,23,11,12,15,3,10,20,20,30,7,13,11,4,18,7,11,14,12,11,9,25,21,38,29,26,10,17,18,7,18,10,6,15,7,5,12,10,4,12,5,19
Salinibacterium,6,11,17,10,11,19,9,22,9,16,8,10,16,3,27,11,19,9,1,6,21,28,23,9,12,10,7,11,6,11,14,18,17,9,38,16,38,26,21,18,13,8,16,13,6,4,9,10,7,7,6,5,14,11,21
Patulibacter,9,12,26,6,10,18,15,21,9,9,14,8,21,2,26,7,13,19,3,7,25,21,21,7,14,15,11,11,14,8,16,23,3,8,25,8,45,22,20,10,13,9,9,11,6,4,3,16,9,10,10,3,9,12,17
Blautia,6,13,19,32,20,17,17,18,14,7,18,19,16,2,23,12,9,17,3,12,16,19,24,22,12,6,8,24,9,9,7,9,8,10,20,19,58,9,15,6,11,11,11,9,5,3,9,9,7,8,5,8,8,4,11
Listeria,16,17,18,30,20,11,16,17,13,7,10,11,23,1,19,3,14,7,1,13,13,12,29,11,18,6,8,19,9,16,14,15,14,4,17,13,34,10,14,6,13,13,14,10,8,2,8,6,6,7,7,5,15,11,18
Desulfovibrio,9,13,18,26,12,10,14,29,18,12,11,17,13,2,16,3,19,8,4,12,13,12,33,9,12,7,9,13,9,16,12,10,13,9,23,14,39,11,15,6,14,5,12,13,7,5,10,9,15,5,4,3,8,7,10
Paenisporosarcina,8,12,19,14,26,17,13,23,12,11,7,6,13,2,12,12,19,18,5,64,14,14,9,13,14,3,11,8,14,12,10,5,12,7,15,11,38,20,13,6,6,10,8,9,8,7,4,6,4,5,8,5,10,6,17
Pelagicoccus,12,12,13,27,10,13,10,25,15,10,10,15,18,1,14,19,14,6,3,18,13,7,13,18,11,7,9,25,10,11,13,13,16,5,9,18,24,14,18,13,12,8,3,16,6,6,12,9,13,6,4,2,10,4,16
Kushneria,14,5,15,9,11,12,14,4,8,17,12,9,15,1,17,11,8,9,10,18,18,14,18,13,15,6,9,19,13,7,7,14,8,5,23,16,26,11,20,10,10,15,16,15,12,3,26,12,11,5,6,5,8,6,11
Frigoribacterium,8,8,19,7,9,22,15,22,19,12,13,16,9,3,15,10,11,12,0,6,18,12,23,3,12,10,12,8,6,9,11,11,13,11,20,11,44,17,13,3,10,14,13,11,14,3,10,3,6,6,11,9,15,9,14
Rothia,11,8,16,10,9,15,15,11,13,14,16,11,14,5,12,17,12,16,1,7,14,7,28,11,11,5,13,13,8,1,7,14,7,12,24,18,37,10,22,15,5,8,11,12,9,6,2,10,7,8,10,2,15,8,15
Eggerthella,18,9,12,8,7,11,15,8,6,6,15,13,20,3,15,7,12,16,0,4,24,10,30,5,11,6,5,19,4,7,9,14,14,9,30,7,42,20,15,11,9,14,13,6,6,3,1,8,13,5,6,7,12,5,14
Shinella,15,16,14,12,18,13,10,8,16,19,16,8,13,0,24,3,21,13,2,13,17,14,21,7,21,8,7,12,4,7,8,10,7,9,20,18,26,13,20,5,6,9,11,5,10,3,3,11,6,2,6,3,10,12,10
Rhodoplanes,15,9,13,6,9,19,8,16,14,6,13,9,19,2,15,4,17,10,7,11,10,15,17,10,12,8,4,16,5,9,6,17,11,7,28,26,41,12,21,11,6,8,10,8,8,3,10,7,4,4,8,2,7,8,12
Ancylobacter,6,12,17,5,6,11,11,11,18,10,11,11,12,4,24,1,15,16,4,9,17,13,20,5,3,3,10,5,7,13,12,18,16,12,27,12,47,13,15,5,5,8,11,5,15,2,5,7,10,6,9,4,8,6,14
Nesterenkonia,8,14,16,7,12,18,10,13,11,9,16,10,17,0,19,4,10,15,2,10,15,9,22,9,7,6,6,10,10,9,10,17,9,8,17,8,38,8,22,8,3,8,14,10,5,7,4,6,6,9,10,4,9,6,11
Arthronema,9,5,12,14,8,9,12,14,22,8,12,8,20,0,19,12,14,3,0,10,8,9,15,16,15,8,11,12,7,3,16,16,12,8,14,12,29,14,18,9,5,3,4,11,12,3,8,12,5,5,4,1,19,9,9
Kurthia,0,1,0,0,2,5,0,9,19,162,116,0,1,0,0,0,0,0,1,11,234,3,0,0,0,0,0,0,0,0,0,0,0,0,0,0,0,0,0,0,0,0,0,0,0,0,0,0,0,0,0,0,0,0,0
Campylobacter,15,14,14,11,9,13,3,24,7,9,9,17,22,2,16,4,12,8,1,5,15,5,18,9,11,18,9,8,7,4,11,5,4,11,23,10,30,11,20,6,9,7,12,3,9,4,3,5,7,0,6,2,19,5,20
Roseospira,13,11,12,12,10,13,16,11,17,19,15,10,12,1,9,5,12,12,0,8,12,9,12,5,10,6,8,14,12,6,9,11,6,10,16,9,30,12,20,8,8,7,15,7,6,5,5,7,3,1,8,4,6,7,13
Cyanobacterium,6,9,11,5,9,14,11,22,14,10,8,9,12,3,16,11,8,5,2,5,16,15,8,5,17,8,4,5,10,6,7,13,17,3,16,13,31,10,18,9,10,12,9,8,6,5,4,10,11,7,3,3,18,6,7
Litoricola,6,4,8,31,11,8,9,14,12,11,8,14,9,3,14,10,9,11,5,22,9,8,21,10,11,8,11,13,13,4,8,10,14,3,7,6,23,9,19,7,6,4,3,7,9,3,12,5,4,7,9,5,6,7,4
Salinicoccus,11,11,8,12,7,12,18,8,13,11,12,11,13,4,11,5,9,7,1,5,13,10,13,6,14,12,4,10,5,7,12,12,16,8,27,15,29,11,19,8,5,8,7,14,5,3,3,8,5,1,4,4,6,5,5
Glycomyces,11,14,9,18,9,7,13,16,9,12,11,15,16,3,11,8,10,5,1,12,12,10,14,9,10,16,5,7,10,9,13,8,9,7,7,7,18,13,14,7,6,3,8,9,7,6,8,8,7,7,2,6,3,4,13
Neorickettsia,14,8,17,9,5,5,6,7,7,10,13,9,11,0,7,4,16,4,0,5,18,11,19,4,6,13,17,12,5,6,9,13,13,7,12,13,33,10,11,7,13,6,14,5,8,3,4,7,13,4,8,3,8,8,11
Acholeplasma,4,12,16,9,5,13,3,4,11,10,14,17,13,5,17,13,7,9,4,9,12,12,15,2,12,5,10,8,5,3,5,8,9,4,19,18,27,15,15,6,7,2,11,11,13,4,4,10,8,0,2,5,7,7,12
Porphyromonas,10,9,15,7,3,3,3,9,12,14,11,6,7,2,20,4,17,16,1,6,23,25,18,9,7,2,9,9,8,6,8,13,10,6,18,4,17,11,20,10,5,9,10,6,3,6,6,6,10,4,3,6,5,7,12
Halomonas,6,6,8,16,7,12,7,16,6,8,12,9,7,4,19,3,7,5,5,12,10,12,24,22,10,8,7,6,5,8,8,10,6,5,8,9,15,10,13,10,10,18,13,9,11,5,3,8,3,11,7,3,7,5,9
Dermacoccus,8,13,15,8,7,7,16,16,11,4,10,11,10,1,16,9,19,11,0,7,10,10,21,5,8,11,6,4,13,7,6,10,12,6,17,5,25,12,12,7,6,7,11,5,6,1,3,12,2,5,6,3,5,0,13
Sedimentibacter,9,6,10,14,8,10,14,11,8,8,18,12,11,7,6,6,6,10,3,3,9,14,14,3,12,9,5,15,8,3,10,8,12,12,14,13,20,12,10,7,8,13,2,10,7,3,6,5,5,5,8,0,11,5,6
Nocardia,11,9,20,12,5,12,10,11,12,7,10,17,4,1,14,9,6,1,2,7,12,10,16,10,5,7,4,11,9,5,11,8,7,3,15,15,19,7,23,6,11,5,8,14,4,4,5,3,7,4,7,4,2,3,9
Selenomonas,9,4,11,17,11,10,15,11,8,7,10,10,13,3,17,12,11,10,3,4,11,15,12,3,8,9,0,9,7,5,11,13,10,5,10,12,15,9,15,8,7,2,6,6,5,3,4,5,4,7,5,1,12,8,12
Anaerobacillus,8,6,12,7,5,7,10,7,9,7,35,15,13,3,16,3,7,5,4,8,11,18,18,3,10,11,10,7,7,7,6,13,8,5,16,10,14,9,9,4,6,5,8,4,4,5,5,5,6,6,2,3,8,5,8
Phascolarctobacterium,8,9,12,7,7,10,13,12,8,11,4,17,8,2,14,7,5,5,6,5,9,15,15,5,5,9,6,11,3,4,8,13,9,4,10,12,18,12,15,7,8,4,11,5,4,5,5,12,5,4,3,7,6,7,8
Mannheimia,11,9,13,6,12,6,4,14,7,11,10,4,10,2,17,1,13,5,0,6,18,12,17,6,7,5,5,12,4,5,11,4,5,7,14,10,35,8,14,7,9,5,10,7,5,2,1,9,8,1,6,2,6,4,7
Kitasatospora,7,5,11,15,8,11,16,12,8,9,9,11,11,2,15,7,7,7,5,7,6,11,13,7,10,5,4,5,6,8,4,9,9,3,15,15,15,9,15,10,10,8,12,4,6,5,0,4,4,4,2,2,8,5,9
Mesoplasma,5,6,7,7,6,10,4,14,10,10,9,9,7,1,16,3,7,12,9,11,15,10,13,6,8,4,6,8,2,7,13,7,7,3,11,3,21,15,19,4,7,10,6,10,7,1,12,6,5,4,3,11,5,0,10
Caldithrix,4,8,11,11,12,6,13,18,6,9,9,10,7,2,22,5,7,3,1,5,7,9,14,11,9,8,5,12,4,4,4,12,4,4,10,17,29,8,20,6,8,4,5,5,3,2,2,7,10,3,3,3,7,5,8
Nitrobacter,3,2,7,1,10,18,7,4,9,10,4,7,9,0,13,6,13,7,0,5,19,12,22,6,5,6,4,9,4,4,8,7,5,9,21,10,22,6,17,5,7,5,7,4,8,6,7,8,6,2,4,3,8,4,11
Pseudoalteromonas,4,7,19,10,3,10,8,6,13,6,9,7,8,1,6,11,12,8,1,6,8,19,14,7,8,8,9,9,5,2,14,8,6,5,17,2,18,9,12,4,4,4,6,8,11,0,6,3,3,5,3,0,9,2,7
Nonomuraea,9,5,12,9,7,13,6,17,4,15,7,6,11,1,6,8,10,5,4,6,6,10,21,5,8,6,13,2,2,3,5,10,13,3,21,7,18,8,6,7,6,5,4,4,3,1,4,4,3,8,4,2,6,5,7
Polaribacter,7,3,7,18,6,6,4,7,7,4,7,7,6,4,11,4,8,7,0,7,7,11,14,5,8,7,5,9,7,8,11,10,5,4,6,6,26,10,12,10,6,2,6,7,25,2,4,7,6,4,3,1,5,5,6
Bifidobacterium,5,5,6,9,3,6,9,9,13,9,5,9,10,2,11,3,9,10,0,5,10,11,12,3,10,8,5,7,4,5,6,12,4,4,10,12,18,11,17,6,5,7,6,6,6,4,4,7,1,2,4,2,13,5,14
Ruegeria,9,14,11,8,3,9,19,2,13,10,6,9,7,1,7,2,11,3,0,5,9,12,16,1,12,13,6,8,2,8,7,10,6,7,11,17,18,11,9,4,9,5,7,3,4,0,3,6,3,4,2,4,2,1,8
Acetobacterium,7,9,8,9,10,10,6,20,8,10,8,8,8,5,15,7,6,4,0,5,10,8,9,3,6,5,2,7,9,7,4,6,6,3,10,9,19,13,11,8,9,6,10,2,2,2,7,2,8,5,4,2,4,6,8
Gluconobacter,3,6,4,7,3,3,7,8,7,4,5,7,9,2,9,2,11,2,2,20,5,21,45,4,11,2,2,11,6,5,1,7,7,1,7,9,16,8,12,2,3,5,8,6,3,1,2,5,6,12,9,5,5,2,6
Pseudidiomarina,6,5,9,17,6,6,6,7,3,8,9,9,5,0,11,8,3,1,0,5,8,6,34,4,7,1,5,6,6,4,7,10,5,8,9,6,16,4,16,6,3,7,9,8,8,1,5,2,7,5,5,4,3,4,9
Finegoldia,4,6,9,6,5,3,6,11,9,7,10,26,7,2,11,4,8,3,0,6,4,6,12,3,4,3,5,11,2,5,3,6,6,1,12,8,20,8,10,3,9,7,9,3,1,1,1,9,8,0,4,8,8,4,12
Sphingobium,7,7,5,5,3,7,14,5,7,13,6,7,3,7,13,2,6,4,0,9,7,7,12,2,12,5,8,7,11,3,3,10,2,3,18,2,17,11,6,4,3,5,9,5,9,3,2,10,2,0,4,3,6,6,11
Candidatus Scalindua,6,5,4,10,4,9,5,10,7,10,11,11,3,0,12,4,4,4,3,9,13,11,11,6,7,5,3,5,5,4,7,11,4,4,5,9,13,8,14,6,2,7,5,7,6,3,11,7,5,3,2,4,3,4,6
Actinomadura,4,9,14,7,6,2,6,7,6,6,6,9,6,4,9,2,7,5,1,5,5,11,20,10,4,2,3,7,3,3,6,5,4,2,9,10,23,6,11,4,2,5,7,1,6,1,5,11,9,4,6,5,9,3,13
Veillonella,8,9,6,1,1,7,6,9,4,11,10,8,13,0,11,4,6,10,6,3,10,11,11,2,4,4,8,6,8,1,1,8,2,6,12,4,14,3,9,3,9,1,7,9,7,6,5,4,11,6,2,3,7,7,9
Cellulomonas,4,9,16,5,4,3,8,13,7,2,3,5,10,1,12,3,6,11,3,5,9,8,12,5,7,3,5,6,4,3,2,11,3,3,19,3,22,10,6,4,3,4,11,9,6,3,3,6,5,4,7,2,5,3,6
Afipia,9,1,8,1,6,4,3,13,9,2,3,15,6,0,13,4,7,3,1,5,9,5,8,4,13,3,1,5,4,5,4,7,8,5,24,8,26,13,16,4,4,6,11,2,5,2,3,1,9,1,3,4,5,5,5
Natronincola,9,3,5,13,3,8,11,8,6,5,12,7,6,0,8,6,5,4,0,6,14,9,7,6,11,3,9,6,3,5,8,4,3,9,7,10,16,7,10,4,11,7,5,3,0,0,6,7,6,3,4,5,4,3,7
Methylophaga,9,2,6,10,3,5,2,14,10,7,12,10,12,1,14,9,2,5,1,9,11,4,4,2,8,6,3,9,3,8,5,8,7,5,10,5,15,10,13,4,6,2,2,9,3,3,4,7,4,2,6,2,4,2,4
Arcanobacterium,4,6,6,18,8,5,11,16,8,6,6,7,5,1,8,1,5,2,0,11,3,11,9,4,5,4,12,10,4,5,6,9,7,3,7,5,20,10,7,2,8,2,3,3,8,3,3,3,4,1,2,4,6,4,6
Crenothrix,3,2,5,4,5,5,3,3,0,3,2,7,6,1,4,7,4,5,45,41,4,6,3,3,9,5,3,4,0,1,5,4,0,0,9,2,6,6,6,5,4,32,3,9,13,2,11,7,3,0,2,2,3,4,3
Thermoanaerobacterium,6,3,5,7,8,5,9,10,13,5,7,6,7,1,13,10,5,3,0,9,5,4,13,4,3,3,2,9,6,6,3,4,12,2,10,10,13,5,10,2,5,7,4,11,6,5,2,6,3,5,4,4,1,3,9
Phormidium,8,3,9,6,1,5,6,7,10,12,10,8,5,0,8,6,3,3,2,7,6,6,7,2,7,5,10,11,6,5,3,7,5,8,9,4,21,2,7,3,8,4,7,2,3,4,4,8,7,3,5,1,8,3,6
Mycetocola,6,0,15,5,6,4,8,5,3,6,4,9,4,0,9,4,7,8,1,2,9,9,11,5,9,5,5,7,7,5,5,7,6,5,12,7,20,4,16,1,1,5,6,4,3,3,5,6,3,5,4,2,10,2,3
Rhodothermus,4,6,5,12,3,10,7,10,11,5,5,7,9,2,11,11,5,8,0,7,5,8,10,5,5,2,3,7,5,6,1,6,5,8,11,12,14,4,12,5,4,8,1,6,4,2,4,1,0,6,1,0,2,5,7
Erythrobacter,8,11,9,14,4,5,4,11,9,7,7,2,6,1,7,3,6,7,1,7,2,7,7,6,8,2,4,9,4,6,5,3,8,3,4,3,20,6,7,3,5,8,7,4,5,7,3,4,3,5,1,6,8,1,9
Saccharospirillum,4,5,7,10,3,4,4,5,6,1,8,11,7,1,10,5,0,2,2,5,6,5,21,5,2,3,3,6,6,3,9,5,7,5,11,4,14,9,9,6,5,6,3,7,5,5,2,4,10,5,7,6,4,1,7
Anoxybacillus,3,4,8,9,3,7,4,6,9,4,18,7,7,1,11,4,3,1,0,7,5,6,17,2,3,4,4,6,5,6,4,6,12,7,7,9,18,7,10,3,3,1,7,6,5,3,2,7,1,5,1,1,5,4,5
Erwinia,4,7,10,5,10,6,2,6,10,0,7,5,5,2,9,8,7,7,1,4,6,5,3,7,6,6,4,10,7,4,12,1,4,7,16,6,17,9,12,7,3,0,6,2,4,0,3,3,2,2,4,2,7,3,7
Escherichia,0,0,0,0,0,0,0,93,4,164,51,0,0,0,0,0,0,0,0,0,0,0,0,0,0,0,0,0,0,0,0,0,0,0,0,0,0,0,0,0,0,0,0,0,0,0,0,0,0,0,0,0,0,0,0
Kosmotoga,3,5,6,9,9,5,5,12,8,3,12,5,7,1,6,7,9,7,0,4,9,15,7,5,6,6,3,8,1,7,6,4,11,2,8,2,12,4,10,11,1,2,4,5,5,3,1,4,5,2,6,1,5,1,6
Moorella,2,6,3,12,4,4,6,6,8,4,8,11,10,0,8,6,5,9,1,7,5,4,4,7,10,4,2,11,2,6,8,2,5,11,5,8,16,9,5,3,4,5,5,3,4,0,3,5,5,2,8,0,7,1,9
Saccharopolyspora,6,6,4,9,5,8,7,9,8,4,6,10,8,0,9,3,10,2,1,2,2,9,9,6,6,3,1,8,5,5,7,7,3,5,12,4,13,10,9,3,5,2,4,5,6,4,1,4,4,0,2,2,2,6,10
Hyphomicrobium,5,14,10,10,7,5,6,11,7,6,3,5,8,0,7,4,6,6,0,3,5,5,10,2,5,3,4,2,3,1,9,10,4,4,17,10,20,8,10,6,3,1,3,4,3,2,2,3,4,0,2,3,3,2,4
Phaeobacter,10,5,6,13,3,8,5,7,5,5,8,9,9,2,11,4,5,7,1,8,6,10,6,5,8,0,4,4,3,3,5,5,3,3,10,11,13,4,6,2,4,3,6,7,2,2,3,3,4,5,2,5,4,0,8
Thermodesulfovibrio,4,3,5,17,0,6,6,3,9,8,6,6,5,0,3,3,3,2,0,11,3,13,21,5,11,2,4,4,4,2,6,4,3,4,11,7,17,5,8,1,1,3,4,2,7,2,4,8,6,2,2,4,6,1,6
Geodermatophilus,2,6,8,2,5,9,9,9,9,4,4,7,8,0,13,2,6,8,0,4,8,5,6,2,7,3,1,4,3,2,3,5,10,2,8,10,19,11,2,3,4,5,8,10,6,0,0,2,1,1,3,1,4,5,9
Microvirus,3,7,2,12,4,3,2,6,5,5,11,4,12,1,7,3,1,6,0,4,4,3,10,0,3,1,4,9,3,2,4,9,4,6,14,8,14,10,10,3,2,6,12,2,4,1,4,4,1,1,4,3,7,8,9
Actinomycetospora,5,3,8,8,3,8,12,11,3,6,3,2,5,2,8,2,6,6,1,1,7,2,6,5,3,2,2,7,7,6,5,5,4,4,10,5,17,6,11,1,5,5,3,6,7,4,2,6,1,4,4,2,5,5,9
Nocardioides,6,1,4,3,7,4,5,6,5,5,6,7,7,2,5,5,10,5,1,3,3,14,7,3,4,5,5,6,6,2,0,6,5,7,6,1,26,1,10,5,7,3,5,5,4,1,4,6,2,3,7,2,5,3,8
Kribbella,6,6,11,16,1,7,10,6,5,7,8,6,4,0,5,5,4,3,1,9,5,6,8,4,6,3,8,6,2,3,4,4,2,6,2,6,16,11,5,3,5,1,1,5,5,2,5,1,1,2,4,3,1,5,10
Haemophilus,1,6,6,2,4,4,1,12,4,4,6,1,8,0,11,0,9,7,0,2,10,11,15,5,3,3,2,2,5,4,5,9,4,0,9,13,26,5,7,3,7,2,7,3,3,2,2,3,4,0,0,2,6,2,7
Mesorhizobium,5,6,9,6,6,6,5,6,7,4,6,1,7,1,13,4,7,2,1,7,10,6,11,4,5,7,2,9,2,7,0,2,3,2,8,5,19,5,9,4,5,0,3,4,2,0,2,8,3,4,1,2,7,2,3
Weissella,3,6,5,14,5,6,5,4,7,8,1,4,6,2,13,4,7,9,0,5,4,5,6,4,9,4,6,8,5,5,4,3,5,3,3,8,10,7,6,5,4,7,5,5,3,0,2,3,4,2,2,1,3,1,6
Sinorhizobium,4,3,1,5,2,3,2,5,3,2,6,1,6,1,11,8,8,2,0,1,3,6,5,1,6,3,4,6,4,2,5,8,5,6,22,5,24,8,11,2,2,3,9,1,5,1,3,7,3,0,1,1,8,4,6
Ectothiorhodospira,6,4,4,3,1,3,3,6,3,6,6,9,8,1,3,3,4,2,1,7,4,10,27,3,5,5,1,12,4,5,2,2,5,2,10,2,16,2,5,2,5,3,3,4,1,1,2,3,5,7,2,4,4,3,9
Azospira,6,2,5,3,7,4,7,4,4,4,3,2,7,1,14,3,5,4,2,4,6,7,12,3,4,2,1,7,0,1,1,6,8,1,9,6,17,6,12,1,4,4,10,4,4,1,2,3,2,1,2,1,8,4,6
Oceanisphaera,6,4,5,12,2,2,5,10,4,7,1,11,6,0,7,4,5,2,0,7,4,4,10,3,9,6,2,9,4,2,5,3,5,2,3,5,3,3,9,6,2,3,5,7,5,1,0,5,6,3,2,1,7,5,4
Aerococcus,1,2,5,3,4,2,3,8,6,4,5,2,3,0,6,6,6,8,1,2,5,7,6,4,5,6,4,5,2,3,4,3,4,4,8,3,16,6,7,1,5,2,4,4,2,0,5,3,10,5,1,3,11,4,11
Roseomonas,3,4,1,6,3,2,6,4,6,2,5,3,6,0,1,3,4,4,0,12,4,12,27,6,5,2,2,4,2,1,7,7,4,3,4,6,6,6,7,6,2,2,7,3,4,0,4,3,9,7,2,3,0,3,4
Microbulbifer,5,3,6,2,5,7,6,7,4,3,4,3,4,0,6,1,4,4,1,2,7,8,8,3,1,3,4,0,3,4,5,4,2,6,11,3,13,7,10,3,8,3,6,5,6,3,7,5,3,1,1,2,3,0,7
Atopobium,3,7,5,12,2,3,9,4,5,0,6,3,3,1,8,4,7,4,0,5,4,1,9,5,5,3,2,8,5,3,6,5,5,1,6,4,13,4,6,3,7,3,4,3,4,1,4,4,3,2,2,3,3,3,4
Arsenophonus,1,4,9,3,4,8,1,2,5,5,3,4,6,1,10,1,6,4,1,5,10,2,10,1,3,4,1,2,4,1,3,5,7,3,7,7,12,5,6,2,5,3,2,8,6,3,3,1,2,1,3,3,4,1,6
Denitrobacter,3,4,7,5,5,3,6,2,0,3,5,2,2,3,8,7,1,5,2,0,4,5,4,1,3,4,4,3,1,1,2,1,8,5,6,7,14,1,6,2,0,3,4,7,27,4,7,2,6,1,1,2,4,0,3
Rhizobium,3,5,3,6,6,3,5,10,5,4,3,2,5,0,12,3,7,4,1,7,7,3,4,1,2,5,2,8,5,5,5,3,0,4,4,5,13,3,7,2,5,3,2,4,4,0,0,5,0,2,3,1,5,1,3
Pseudaminobacter,2,2,3,3,4,2,3,5,8,3,4,3,3,0,4,1,10,4,1,1,6,5,6,7,4,3,5,9,3,3,0,7,2,1,5,4,6,6,19,2,3,3,3,8,5,1,5,4,2,1,1,2,7,4,2
Acidimicrobium,6,4,6,9,2,1,4,8,2,6,3,6,4,1,9,5,2,1,1,4,3,2,9,3,6,2,0,4,5,3,5,4,5,1,5,5,15,3,8,1,6,0,2,6,3,1,2,5,4,1,1,2,5,3,5
Marinococcus,3,6,6,9,5,2,4,3,4,2,5,9,4,0,5,2,5,4,2,5,6,3,9,6,4,4,1,6,8,3,1,7,3,1,5,2,9,1,7,4,6,1,3,3,5,3,2,0,2,2,2,1,3,4,5
Desulfurispora,1,6,6,2,5,1,6,5,2,5,6,5,11,1,5,4,4,1,1,2,3,4,5,3,2,0,3,1,5,3,5,5,1,0,6,8,18,6,2,1,2,4,5,8,3,3,1,3,3,1,2,5,5,2,2
Luteimonas,5,3,0,2,4,3,5,2,5,7,5,5,7,1,8,0,1,4,0,1,10,5,29,4,1,3,2,3,2,1,3,4,3,1,7,2,9,6,4,2,2,2,4,3,3,1,2,1,3,4,3,3,4,1,2
Xanthomonas,11,2,6,2,2,8,2,6,6,4,2,3,5,1,4,2,6,4,0,4,3,0,8,3,2,1,0,4,2,1,6,8,8,3,7,9,6,3,2,4,3,2,4,4,5,2,3,3,2,1,2,4,4,3,3
Knoellia,6,0,6,1,3,2,3,12,4,6,2,2,6,0,4,2,3,9,1,0,3,3,13,2,4,3,2,4,0,3,2,5,2,6,9,4,7,3,11,0,1,2,7,4,7,1,6,1,2,2,3,1,3,2,1
Streptosporangium,2,2,10,5,6,3,5,4,5,4,5,5,4,0,6,4,11,3,0,2,5,5,7,1,4,2,4,4,2,2,2,4,5,4,5,4,10,6,6,3,1,0,3,0,1,1,0,4,3,1,2,2,2,3,4
Thioalkalimicrobium,2,4,5,10,4,3,1,5,9,0,6,3,2,2,2,1,8,1,1,14,3,3,6,3,4,1,2,7,3,4,1,2,2,1,0,3,7,6,5,3,6,11,3,6,4,1,7,2,1,0,0,2,2,0,3
Moraxella,4,3,3,5,6,6,6,4,5,2,1,8,2,0,1,2,7,3,2,2,2,4,9,3,8,2,3,4,1,1,2,5,3,4,5,5,10,6,2,9,4,3,4,2,2,0,0,5,2,1,1,3,2,2,6
Alishewanella,0,4,1,8,8,5,4,7,1,2,7,3,4,2,5,2,1,3,0,6,6,1,4,4,5,5,2,8,5,3,3,4,3,3,7,5,8,4,4,0,5,3,4,4,3,1,1,3,2,3,1,1,3,1,4
Candidatus Phytoplasma,3,5,8,4,5,4,3,5,2,2,6,6,4,1,4,1,3,3,0,2,3,4,7,3,2,2,3,8,5,3,1,5,5,0,6,5,10,4,8,3,3,1,1,2,2,5,5,0,2,2,2,0,5,3,4
Nitrincola,3,4,3,4,3,4,2,1,3,1,6,4,5,2,4,2,3,1,1,5,7,7,20,1,2,2,1,4,1,3,6,6,4,2,4,5,13,3,6,2,3,0,2,8,2,2,1,3,4,2,3,1,0,3,1
Yersinia,3,1,5,2,1,2,1,1,1,0,3,5,3,0,0,6,3,4,0,1,1,3,9,3,1,1,0,4,3,3,1,15,19,13,37,2,7,2,5,0,2,1,0,0,5,3,1,3,0,0,1,2,2,0,2
Tindallia,0,2,7,4,6,4,6,2,2,3,4,4,4,3,5,2,1,5,1,3,3,8,2,5,5,4,3,3,1,0,3,2,2,4,7,8,8,6,10,6,2,5,0,7,2,1,0,1,1,2,2,1,3,4,4
Vibrio,4,2,4,11,4,6,3,3,5,8,0,5,10,1,5,5,2,2,0,3,4,5,3,4,1,3,2,6,2,4,3,9,2,3,3,4,10,5,2,1,2,3,2,4,5,1,2,6,3,0,0,0,1,1,3
Melissococcus,3,5,1,3,2,2,4,4,4,6,2,0,4,0,9,2,1,4,0,6,2,5,8,1,1,2,2,6,4,4,1,9,7,1,6,5,10,1,3,2,3,0,2,9,3,3,3,5,2,2,6,4,1,2,4
Marinospirillum,2,4,6,6,2,3,1,3,3,2,3,2,4,1,0,1,8,2,0,1,2,6,15,1,6,4,3,2,1,0,4,4,1,1,2,3,5,1,1,0,2,0,0,18,34,0,4,3,2,2,1,1,3,0,3
Marinomonas,4,4,3,4,3,3,3,4,3,1,8,2,3,1,6,2,2,3,2,4,3,8,14,1,2,1,2,5,1,4,0,2,4,2,9,0,8,6,2,3,2,5,5,3,2,1,3,4,2,5,4,6,1,0,4
Conexibacter,7,2,2,4,10,3,7,2,0,4,2,3,3,0,5,4,6,5,0,1,5,5,8,3,1,2,3,2,5,1,5,4,5,0,7,1,19,5,5,3,2,2,1,3,1,0,3,4,3,2,0,1,0,1,4
Treponema,7,5,6,4,3,3,5,4,4,1,4,9,6,1,5,3,4,3,2,2,5,3,2,3,4,3,2,4,4,1,0,2,5,0,2,8,8,5,3,2,1,3,4,3,3,0,3,2,2,3,0,3,4,1,2
Leptospira,3,5,3,3,2,3,5,4,2,9,0,3,3,0,7,4,2,1,0,1,5,3,5,3,3,4,1,4,3,4,1,6,8,5,6,4,14,3,6,3,2,2,1,1,1,1,1,1,3,3,2,3,3,2,2
Desulfuromonas,1,1,3,6,4,2,5,4,4,1,4,3,1,3,3,1,2,4,2,4,6,3,11,4,5,5,3,2,1,2,2,5,3,4,2,7,7,2,4,1,4,4,4,2,2,2,1,3,0,4,0,0,3,3,8
Trabulsiella,4,3,4,4,3,4,3,3,2,3,3,3,2,1,0,0,2,3,0,1,8,7,12,3,9,3,3,4,2,3,3,2,4,3,4,3,6,4,4,2,0,3,5,1,2,0,0,4,2,2,2,2,2,2,12
Chondromyces,3,3,4,4,4,3,5,3,1,6,2,4,0,1,2,2,2,5,2,2,2,5,9,1,5,4,4,6,0,4,1,0,2,1,6,2,3,4,7,4,2,9,2,7,4,2,0,3,4,0,3,2,3,0,6
Oscillospira,1,5,4,7,7,2,5,1,0,1,3,4,6,0,2,1,1,3,0,4,3,1,6,2,8,2,0,3,3,4,2,2,5,4,6,6,9,7,4,2,3,2,2,6,4,3,2,2,1,1,1,5,2,0,2
Azorhizobium,4,4,4,2,2,2,7,9,5,4,5,2,2,1,4,1,2,2,0,4,3,4,8,6,3,0,1,6,3,1,0,7,2,4,2,7,4,5,4,1,4,0,1,1,1,0,3,4,3,2,1,0,2,5,5
Actinocatenispora,2,1,7,5,2,5,7,6,1,6,6,5,3,1,1,1,3,1,1,3,9,3,5,3,1,0,3,3,4,1,2,3,4,2,5,2,13,6,1,0,4,1,3,3,4,1,1,3,0,0,2,1,2,3,4
Syntrophomonas,3,2,4,4,4,1,5,4,4,4,5,4,0,0,2,3,2,1,0,4,4,4,5,0,2,1,3,4,2,1,1,0,4,4,6,5,13,6,10,0,3,4,3,5,2,0,2,5,0,6,1,0,1,4,1
Yaniella,2,2,6,9,2,3,3,5,3,1,3,1,6,0,3,2,6,1,0,6,1,4,1,1,3,1,5,4,3,1,3,3,2,3,4,3,11,2,6,2,3,6,4,5,1,0,1,3,3,1,2,0,2,3,2
Arthrospira,1,4,5,1,3,2,4,2,4,2,2,1,4,0,4,0,3,9,0,3,0,9,4,2,4,1,1,7,1,0,4,2,2,3,9,5,10,8,0,1,1,6,6,2,2,1,0,2,1,3,0,2,6,0,4
Pelotomaculum,4,1,3,9,5,2,0,3,3,5,5,3,5,1,6,1,3,3,1,2,3,3,2,1,2,3,4,2,2,1,1,5,3,0,5,6,5,2,3,4,3,1,1,4,2,1,2,2,2,2,5,2,2,0,2
Candidatus Liberibacter,3,4,3,4,4,4,2,3,2,3,4,3,2,0,2,1,2,2,0,2,1,2,5,3,5,1,4,1,2,3,0,2,3,2,10,2,7,4,4,1,3,5,3,5,2,1,4,2,1,0,1,1,4,3,3
Mycobacterium,2,0,2,4,3,2,2,4,6,3,7,3,1,0,1,1,2,2,2,0,3,2,12,1,5,2,1,6,0,4,0,3,2,2,0,1,11,3,5,6,1,1,2,0,4,0,2,3,2,4,1,0,5,0,1
Viridibacillus,3,2,3,1,6,3,1,3,4,4,1,1,3,1,3,2,2,2,0,3,15,5,3,4,2,3,2,2,4,3,2,2,3,0,4,2,6,3,5,1,2,1,0,2,2,0,1,1,4,2,2,0,2,0,4
Dysgonomonas,0,1,0,1,0,2,2,0,0,1,0,2,0,0,1,0,1,1,0,0,3,4,1,1,2,0,0,4,10,1,1,0,0,0,2,0,1,1,3,4,2,0,1,19,57,1,3,0,0,0,1,0,1,1,0
Luteibacter,1,1,2,5,4,4,3,3,2,2,1,2,5,2,2,0,2,2,0,4,5,1,5,1,3,1,3,1,3,0,0,3,4,1,4,2,11,3,6,3,2,5,1,5,0,3,2,2,0,0,3,1,1,0,0
Novosphingobium,2,2,4,3,2,1,1,5,4,1,3,7,1,1,5,1,3,1,0,4,2,3,8,2,3,0,2,3,3,4,3,0,3,2,1,4,8,2,7,2,4,1,2,3,1,1,1,2,0,0,0,0,2,0,2
Cystobacter,3,1,1,5,2,5,2,6,2,2,2,4,4,0,5,2,1,1,0,4,5,6,2,1,5,2,0,3,2,2,2,5,1,1,1,5,4,2,0,3,2,1,1,6,2,3,1,0,4,2,0,1,2,0,1
Serratia,0,0,0,0,0,0,0,21,0,64,14,0,0,0,0,0,0,1,0,0,0,1,0,0,0,0,0,1,0,3,0,2,4,4,11,0,0,1,0,0,0,0,0,0,1,0,0,1,0,0,1,0,0,0,0
Blastochloris,2,3,0,2,2,7,3,2,1,6,3,2,2,2,3,1,3,4,0,0,3,4,9,0,2,2,3,2,0,1,2,2,1,1,5,2,12,3,2,2,2,3,1,1,0,0,0,0,2,0,4,2,3,1,1
Caldicellulosiruptor,3,3,3,3,2,2,5,2,4,8,3,6,2,2,2,3,0,4,1,2,5,1,3,1,0,3,1,2,2,1,1,4,1,1,2,5,5,3,5,2,1,1,2,3,0,1,1,1,1,1,0,0,4,1,1
Marinitoga,2,0,0,2,2,1,2,2,1,1,2,5,4,2,3,2,6,3,0,1,2,2,3,0,4,2,0,2,1,1,1,1,0,1,3,5,5,2,2,1,1,2,3,3,4,1,14,1,3,4,1,1,2,1,2
Carboxydocella,1,3,4,5,2,2,1,3,4,2,4,1,4,0,2,0,3,1,0,2,0,1,4,3,4,1,1,3,0,3,3,2,3,2,4,5,3,2,8,2,2,1,0,3,2,0,3,2,2,1,2,1,2,1,1
Symploca,1,2,6,4,2,4,0,3,3,2,2,9,2,1,2,2,2,1,0,1,3,3,1,0,2,3,4,2,1,6,1,3,0,1,8,2,10,0,3,1,0,1,1,1,2,0,1,4,0,0,0,2,1,1,2
Coraliomargarita,0,1,1,2,2,2,0,2,3,2,1,2,3,0,4,2,1,0,1,2,4,2,6,3,2,3,1,2,0,2,3,3,1,2,0,1,5,3,7,1,1,2,2,4,4,0,4,1,3,3,1,0,2,4,5
Thermoanaerobacter,0,1,2,2,1,2,1,5,2,2,2,2,2,0,6,0,5,2,0,2,2,3,3,1,2,2,1,2,3,3,2,0,3,0,6,3,7,2,4,3,5,0,2,2,3,1,1,0,2,2,1,0,3,3,2
Oenococcus,1,3,2,8,3,2,4,2,3,2,2,3,0,0,3,0,0,2,2,2,3,2,4,0,1,0,3,2,0,1,2,2,0,2,5,4,11,5,1,1,8,1,1,0,2,2,1,0,4,1,2,1,0,0,1
Rhodovibrio,2,2,2,3,5,2,2,3,0,5,6,3,4,2,4,2,4,1,0,5,1,0,7,2,1,2,0,1,0,1,2,4,1,1,4,1,3,4,4,2,0,1,2,3,4,0,3,1,1,0,1,0,1,0,2
Tepidanaerobacter,2,5,2,4,2,4,2,1,1,1,3,4,3,0,3,2,1,4,0,2,4,2,4,0,4,2,5,5,0,1,0,3,3,2,3,1,4,3,2,1,0,3,3,1,0,0,3,1,2,1,0,1,1,3,2
Brevibacterium,3,3,1,1,1,3,3,2,2,3,6,1,4,0,2,1,2,1,3,0,1,2,6,1,2,3,0,4,0,0,4,3,3,2,6,1,4,0,4,1,3,1,1,1,1,0,2,4,3,1,1,2,2,1,4
Hyphomonas,0,3,2,8,3,3,4,1,2,2,3,5,1,1,2,0,1,5,0,2,2,2,3,2,1,1,1,5,2,3,3,1,2,2,0,2,2,2,6,0,2,2,2,2,1,2,2,1,1,1,2,0,2,2,1
Pseudoxanthomonas,2,1,2,2,2,0,1,2,5,1,2,0,0,2,1,1,1,1,1,3,4,5,3,3,2,0,3,3,0,1,4,5,4,1,5,2,8,3,4,3,2,0,5,2,2,0,0,1,1,0,1,1,1,2,1
Shewanella,0,1,0,2,0,1,2,0,4,2,1,2,0,0,1,0,1,2,0,2,1,0,2,1,1,1,0,2,1,0,2,4,2,1,6,3,1,1,2,2,1,0,2,20,13,3,7,2,0,0,2,0,1,3,2
Rhodobacter,1,2,5,4,4,4,5,0,4,3,3,1,0,0,4,0,2,2,0,1,1,3,3,0,2,3,2,2,1,2,1,3,2,2,3,2,4,3,3,0,2,2,2,2,1,1,0,0,2,4,1,0,0,3,1
Brachybacterium,1,0,2,1,2,2,4,4,0,3,3,1,3,0,4,2,3,6,0,1,4,1,0,2,1,2,2,3,3,1,1,1,4,0,0,8,3,7,5,2,4,0,2,1,1,0,0,0,2,0,3,1,2,0,0
Tsukamurella,2,1,2,6,0,3,3,1,1,4,2,3,3,0,2,0,3,1,0,3,1,5,7,2,3,0,0,1,3,0,1,2,1,2,8,2,5,3,5,2,0,0,1,1,0,1,1,1,2,0,1,1,0,2,2
Halanaerobacter,0,2,2,6,0,4,4,3,8,2,2,2,2,0,0,2,1,1,0,1,1,4,2,2,1,1,0,2,1,0,4,1,2,1,4,4,3,4,6,2,2,1,2,2,1,2,1,1,2,3,1,0,0,0,0
Azospirillum,1,1,0,7,0,4,1,1,4,0,1,2,2,3,1,2,1,1,0,3,2,3,3,1,4,2,3,3,1,1,3,1,4,2,0,3,4,5,2,0,2,3,2,1,2,1,0,1,0,2,1,2,0,2,2
Ureibacillus,1,0,4,0,4,1,1,4,3,4,0,1,2,0,2,0,3,4,2,4,2,7,6,0,1,1,3,3,0,0,0,1,1,0,4,4,2,2,5,0,0,2,1,0,1,1,0,3,1,2,3,1,3,1,1
Candidatus Methylacidiphilum,1,0,3,5,1,7,1,2,4,1,2,4,1,0,3,1,2,1,0,2,1,4,2,1,4,0,0,1,1,0,1,3,3,0,5,5,5,1,3,0,2,5,1,1,4,2,1,1,0,1,1,1,1,0,0
Olivibacter,1,1,1,0,1,0,0,0,0,0,0,1,0,0,0,0,0,0,0,0,0,0,1,0,0,1,0,0,0,1,0,0,1,0,2,0,2,0,1,2,0,0,2,3,78,0,1,0,1,0,0,0,0,0,0
Oerskovia,2,5,3,6,2,2,1,2,0,1,2,0,1,0,3,1,0,2,2,3,2,1,2,1,2,2,1,6,1,1,1,2,1,1,5,4,14,1,2,1,0,0,0,2,0,1,2,0,2,3,0,0,0,0,2
Brenneria,3,2,1,2,1,2,3,3,5,1,4,0,2,0,3,0,0,1,0,1,0,3,5,2,2,0,1,4,0,2,4,5,1,0,11,3,4,4,1,0,1,1,0,0,1,3,0,5,1,0,2,1,0,0,0
Hirschia,0,3,2,1,0,2,0,3,4,0,3,5,2,2,2,3,3,3,0,0,5,2,2,0,2,0,2,3,4,0,2,0,1,0,5,3,6,5,5,0,0,3,0,1,4,0,0,1,0,0,3,0,2,0,2
Lewinella,4,1,1,2,1,6,0,1,1,3,1,4,2,1,5,0,2,2,0,1,4,3,1,2,1,0,0,0,1,3,4,1,1,1,2,0,10,1,2,2,0,0,8,2,1,1,0,2,2,1,1,0,0,2,3
Oscillatoria,1,3,1,5,2,0,2,3,3,2,2,2,3,0,2,1,3,1,0,3,0,2,2,3,0,2,2,4,0,1,4,0,4,2,2,2,7,0,3,1,2,1,1,2,2,0,0,2,1,1,1,1,1,2,1
Planifilum,3,1,1,7,2,4,0,4,4,4,1,1,2,0,2,1,2,2,1,2,1,1,4,2,1,2,3,3,2,3,1,0,3,0,3,1,4,1,3,1,0,0,1,3,1,2,0,0,0,0,1,3,0,0,1
Phenylobacterium,2,1,2,3,2,3,3,0,4,3,2,3,3,0,4,2,3,0,0,3,3,2,3,0,2,2,0,0,1,1,1,0,4,2,4,2,7,1,1,0,2,0,3,2,1,1,0,1,0,2,0,2,1,0,0
Methylosinus,1,1,6,0,0,1,1,0,0,0,0,0,1,0,5,2,0,2,1,2,3,1,3,5,6,1,3,5,0,0,2,2,2,0,6,3,6,3,2,3,0,1,1,2,1,1,2,1,2,0,0,0,0,1,1
Desulfacinum,0,0,0,2,2,1,0,3,1,1,2,2,3,1,3,1,5,2,1,0,2,1,1,2,4,1,0,1,0,4,1,1,2,2,2,1,3,2,7,0,1,3,1,8,1,0,1,1,1,1,0,1,2,2,0
Sporotomaculum,2,0,1,2,4,3,5,1,2,1,1,0,3,0,0,3,1,1,0,2,0,0,5,3,2,0,2,3,2,2,3,6,1,0,6,0,1,1,2,1,2,1,3,0,0,1,1,0,0,3,2,2,1,0,0
Actinopolyspora,1,3,3,5,3,4,1,1,3,0,2,2,0,0,0,1,2,4,0,0,2,1,3,1,1,1,0,4,2,1,3,0,4,1,0,1,4,4,2,0,2,0,2,0,2,1,0,0,1,0,1,1,2,2,3
Deinococcus,0,1,3,2,3,4,6,0,1,2,0,2,2,0,3,0,3,1,0,1,3,0,2,0,3,2,0,2,0,0,2,1,1,1,3,0,8,2,3,0,2,2,2,3,0,1,3,2,1,0,0,0,1,1,0
Amphritea,1,1,3,4,1,2,1,1,0,1,2,0,0,1,1,2,0,1,0,4,0,0,4,0,3,0,1,2,0,1,0,0,1,0,0,1,4,1,2,1,3,1,1,4,10,0,7,2,5,0,2,1,1,1,0
Demequina,3,2,3,0,1,1,4,3,1,2,3,3,2,0,3,1,1,2,0,2,3,3,1,2,1,1,0,2,0,0,0,3,2,1,1,1,5,0,0,1,2,2,2,1,0,2,2,4,2,0,2,0,1,0,0
Gordonia,0,1,4,0,3,4,2,2,2,1,2,1,3,0,1,0,5,2,1,2,0,2,1,2,1,1,2,3,2,0,2,0,0,1,7,1,5,0,4,3,2,1,0,1,1,0,2,0,0,0,0,0,2,0,2
Negativicoccus,0,1,2,4,1,0,5,5,4,3,2,1,2,0,1,0,2,1,0,0,0,2,5,0,4,0,0,2,1,0,1,2,1,1,4,5,3,5,2,0,0,1,1,1,1,0,1,3,0,0,0,0,1,1,2
Paucibacter,1,1,8,1,2,4,1,0,2,1,6,1,2,0,2,0,0,3,2,2,4,1,2,2,3,0,0,2,1,1,1,0,1,0,2,1,5,4,1,0,0,0,2,2,2,1,1,1,1,0,0,0,0,1,2
Alcanivorax,1,0,4,2,1,5,3,4,2,2,4,2,1,1,2,2,1,2,0,1,0,1,4,1,1,1,2,2,0,0,3,1,1,0,1,2,2,2,2,1,1,1,0,1,1,0,4,0,1,0,0,0,2,1,4
Bdellovibrio,2,2,0,6,3,5,3,2,1,2,1,2,1,0,1,1,0,1,1,1,1,2,2,1,2,2,0,3,2,2,0,3,2,1,2,2,1,1,4,2,1,1,1,1,0,0,1,1,0,0,1,0,1,0,2
Psychromonas,2,1,1,2,1,0,0,3,1,2,1,2,3,3,1,2,0,0,0,1,2,3,6,1,0,1,1,3,3,1,0,1,1,1,2,0,3,0,1,0,1,0,2,2,5,0,0,1,0,4,2,0,2,1,3
Asticcacaulis,1,4,3,3,0,1,2,2,4,1,4,2,1,0,3,3,1,2,0,1,2,2,0,0,2,2,1,1,0,0,2,0,5,1,1,2,4,1,2,1,1,1,1,3,2,0,1,1,0,1,0,0,0,0,0
Klebsiella,1,3,1,0,1,5,1,2,1,1,0,0,2,0,2,2,0,1,2,0,1,4,4,2,2,1,0,0,0,1,0,2,2,1,3,2,8,1,2,2,0,1,0,1,1,0,0,1,1,1,1,0,2,0,4
Megasphaera,3,3,3,2,2,0,0,2,1,1,0,4,6,2,3,1,0,1,0,1,2,3,0,0,2,2,1,0,1,2,1,0,2,1,1,2,7,2,3,0,0,2,0,1,0,0,1,0,0,0,0,0,3,2,0
Paracoccus,0,0,2,1,0,0,1,1,1,0,1,0,1,0,0,0,1,1,0,1,1,1,1,0,0,1,2,1,1,2,2,2,1,0,2,1,0,3,31,0,1,0,0,3,0,0,1,0,1,1,1,1,0,1,1
Rhodospirillum,0,0,1,6,1,2,1,3,1,1,2,3,2,0,0,0,2,2,0,3,0,1,2,0,0,2,0,3,0,1,0,5,1,1,2,0,4,2,2,1,1,2,0,3,1,0,0,3,0,0,2,0,1,0,3
Candidatus Amoebophilus,0,2,0,6,1,3,2,3,0,1,1,0,3,1,3,0,0,1,0,4,2,1,4,0,0,1,1,0,1,3,1,2,1,3,0,1,4,4,0,0,0,1,0,3,0,0,0,0,2,0,2,1,0,0,1
Microcystis,2,0,2,0,1,0,1,6,1,1,2,4,1,0,1,0,2,0,0,2,1,0,2,0,0,0,2,2,0,2,3,1,3,0,5,2,4,0,3,0,1,3,0,1,1,0,1,1,0,1,0,0,1,0,0
Petrotoga,2,0,2,2,1,2,1,1,1,0,0,0,2,0,0,2,0,0,0,0,1,3,9,2,3,0,1,2,0,0,1,1,0,2,1,1,2,0,3,0,1,5,2,1,0,2,0,0,0,0,1,0,1,1,2
Edaphobacter,4,1,4,0,1,2,1,2,1,0,3,3,0,0,1,1,0,4,0,3,1,0,0,1,0,0,1,1,2,0,1,0,0,3,2,0,1,0,1,1,2,0,1,1,1,1,5,0,1,0,3,1,0,0,0
Maricaulis,2,4,3,1,0,0,0,4,1,2,1,0,0,0,2,0,0,1,0,0,2,1,1,2,1,1,0,2,2,1,2,1,1,1,1,1,3,0,0,2,1,2,4,1,2,1,0,2,0,0,0,0,1,1,1
Deferribacter,1,4,0,3,2,1,0,0,2,2,2,0,1,0,2,0,1,1,0,0,0,0,1,3,2,0,0,1,2,1,3,2,2,1,0,0,4,0,2,1,1,1,4,1,1,0,1,1,1,1,0,0,2,0,1
Desulfomonile,1,0,0,0,0,1,1,2,2,0,0,2,2,0,2,0,0,0,0,1,1,0,3,1,1,0,1,0,2,0,1,3,1,1,1,2,2,4,1,2,4,1,1,2,4,1,2,0,1,0,0,0,1,0,2
Xanthobacter,0,1,0,4,0,0,1,1,0,2,1,0,0,0,0,0,0,1,0,3,0,3,2,1,1,0,1,2,0,0,0,2,4,0,4,0,3,1,1,1,2,1,1,2,2,0,6,0,0,1,0,0,0,1,1
Tepidibacter,0,3,0,0,1,0,1,0,2,2,1,1,2,1,0,1,1,2,0,0,1,4,0,0,2,0,0,0,0,0,2,2,1,1,2,1,1,2,4,2,0,1,2,0,2,0,2,2,0,0,0,0,2,0,2
Polynucleobacter,0,0,0,0,0,0,0,0,0,0,1,1,1,0,0,0,1,0,0,0,0,1,0,0,0,0,0,0,0,0,0,0,0,0,0,1,0,0,3,0,0,0,0,15,16,1,14,1,0,0,0,0,0,0,0
Lentzea,2,0,4,1,0,1,4,0,0,2,0,3,2,0,1,0,1,2,1,0,0,0,3,1,1,2,1,2,1,0,1,0,0,1,2,1,2,2,1,0,0,0,4,0,0,0,2,1,1,1,1,0,1,0,0
Desulfobacter,1,0,3,1,2,0,1,0,2,0,3,3,0,0,1,1,1,2,0,1,1,0,3,1,2,1,2,2,0,1,0,0,1,2,0,0,1,1,2,2,1,2,1,1,0,0,1,0,0,0,0,1,1,1,3
Actinokineospora,1,2,1,0,1,1,2,2,0,0,2,3,2,0,0,0,0,3,0,0,0,1,4,1,2,1,1,2,2,0,0,1,0,1,3,3,2,1,1,0,0,0,3,1,0,0,0,1,0,0,1,0,2,0,1
Desulfonatronum,2,1,2,0,0,2,2,2,1,1,3,2,1,0,1,0,0,2,0,1,0,0,1,0,0,0,0,0,2,1,1,1,2,1,1,0,4,0,1,0,1,0,1,4,1,0,4,0,0,1,0,2,0,0,2
Tenacibaculum,1,0,0,2,0,0,5,1,1,0,4,1,0,0,1,0,3,0,0,0,3,2,0,0,1,1,0,3,0,0,0,2,1,1,1,0,3,0,0,0,1,3,0,1,2,2,2,1,1,0,0,0,1,0,1
Rhodovulum,0,1,0,1,3,1,1,1,2,0,1,0,1,0,3,0,2,1,0,1,0,2,3,0,1,1,0,1,0,2,0,2,3,0,3,0,1,0,1,2,3,1,2,0,0,0,0,0,0,0,0,0,1,1,3
Steroidobacter,1,0,0,1,0,0,0,2,1,2,0,0,0,0,0,0,2,1,0,3,2,3,2,0,1,0,1,1,1,2,1,0,0,2,2,0,6,1,1,0,2,1,2,0,1,1,0,2,1,1,0,0,0,0,1
Thiocapsa,3,0,1,0,1,1,0,2,1,2,1,1,1,0,0,1,0,1,0,1,1,1,0,0,2,1,0,0,2,2,0,1,0,2,2,1,4,3,0,1,0,1,2,1,1,0,0,2,1,1,1,0,0,0,1
Solirubrobacter,0,0,1,0,2,1,0,0,1,1,0,1,3,0,1,1,2,1,0,1,0,3,1,0,1,1,0,1,1,2,0,2,1,1,1,1,9,0,2,1,0,0,0,0,1,0,0,1,0,0,0,0,1,1,2
Frankia,0,0,0,2,1,1,2,0,0,0,0,0,1,0,1,1,1,0,0,0,1,3,2,0,2,0,0,1,0,1,0,3,2,0,3,1,3,3,0,0,0,2,1,0,1,1,1,0,1,1,2,0,2,2,1
Jeotgalicoccus,1,1,0,2,0,0,1,2,2,1,7,0,2,0,0,0,0,0,0,2,1,0,0,3,0,0,1,3,0,0,1,1,1,0,3,1,2,2,1,3,0,0,0,1,0,0,0,0,2,0,0,0,2,0,1
Sanguibacter,0,1,1,3,0,2,0,0,1,0,1,0,0,0,1,0,0,4,1,0,2,1,3,1,0,0,1,2,0,0,3,1,0,1,4,0,0,0,2,1,1,0,0,1,0,3,1,0,0,1,1,0,1,0,3
Nitrosococcus,1,0,1,0,1,0,3,5,1,0,0,0,0,1,0,0,1,0,0,1,2,3,2,0,0,0,0,1,1,1,1,1,1,2,1,0,0,1,3,1,1,1,3,1,1,1,4,0,0,0,0,0,1,0,0
Pullulanibacillus,1,0,0,2,0,3,3,2,1,0,0,0,1,1,0,0,1,0,0,1,0,0,3,0,0,2,0,0,3,0,1,1,3,0,1,0,7,0,1,1,0,0,2,0,1,0,1,0,2,0,0,0,3,0,0
Tepidimicrobium,3,1,2,0,2,0,1,1,2,3,1,0,1,0,1,2,1,0,0,0,0,2,1,0,2,0,0,2,0,0,0,1,2,0,2,4,2,0,2,0,1,0,3,0,0,0,0,0,1,0,0,0,0,0,1
Euzebya,3,2,0,0,2,0,3,0,1,0,4,0,3,0,2,1,1,2,0,0,1,1,0,1,3,0,1,0,0,0,0,1,0,1,2,1,3,2,0,0,0,1,1,2,0,0,0,0,0,0,0,0,2,0,0
Aminobacter,3,0,5,2,0,0,1,0,1,0,0,1,5,0,1,1,2,1,0,3,0,0,0,0,0,0,0,1,1,1,2,1,1,1,0,0,4,0,1,0,0,0,1,1,0,1,0,0,0,0,1,0,1,0,1
Brevundimonas,1,2,2,2,0,0,0,1,1,1,1,0,2,0,0,1,0,0,0,1,1,2,0,0,0,1,1,1,0,0,0,0,0,1,1,0,3,0,0,0,1,0,0,3,12,0,0,0,0,0,0,1,2,0,0
Ferrimonas,1,0,0,2,1,0,1,1,0,0,0,5,0,1,0,0,1,0,0,1,0,1,2,2,0,0,0,1,0,1,0,2,1,3,2,1,2,2,3,3,1,1,0,0,0,0,0,1,0,0,0,0,0,0,1
Rummeliibacillus,1,0,0,0,0,0,0,0,0,4,6,0,1,0,1,0,0,0,1,1,24,1,0,0,0,0,0,0,0,0,0,0,0,1,0,0,0,0,1,0,1,0,0,0,0,0,0,0,0,0,0,0,0,0,0
Cerasicoccus,0,1,0,2,1,3,1,1,0,1,2,0,2,0,1,1,2,2,0,1,1,0,2,1,1,0,0,0,0,1,0,1,1,2,0,0,1,4,2,0,0,0,0,1,0,0,0,0,0,0,0,0,1,1,1
Glaciecola,1,1,1,2,0,1,0,0,0,0,1,3,0,0,0,1,1,0,0,3,0,0,1,2,2,1,0,1,0,2,0,0,0,0,2,0,2,1,2,1,0,1,0,1,0,0,2,2,0,0,0,0,2,1,0
Muricauda,0,0,0,4,0,1,2,0,1,0,0,1,0,0,1,1,1,0,0,0,1,1,1,0,2,0,0,4,1,2,0,2,1,0,1,3,1,0,0,2,1,0,0,0,4,0,0,1,0,0,0,0,0,0,1
Chlorobaculum,0,1,1,1,1,0,1,1,2,0,2,1,1,0,0,0,1,1,0,0,1,0,3,0,1,1,0,1,2,2,3,1,4,0,0,1,1,1,0,1,0,0,0,0,0,0,0,1,0,0,0,0,1,1,0
Candidatus Glomeribacter,0,1,0,0,1,1,1,1,0,0,2,1,0,1,0,1,0,1,1,4,0,0,1,0,2,0,0,1,1,1,0,0,1,0,1,1,1,0,1,1,2,2,0,4,1,2,0,0,0,0,0,0,0,0,1
Burkholderia,1,0,0,0,0,0,1,1,0,0,1,0,2,0,2,1,0,3,0,0,1,3,1,0,0,0,0,3,0,1,2,1,0,0,0,2,2,0,2,0,0,0,0,1,4,2,1,0,0,0,0,0,1,0,1
Ehrlichia,0,1,0,1,1,0,0,2,0,1,1,0,2,0,0,1,1,1,0,1,0,5,3,0,1,2,1,2,1,0,0,0,1,0,0,0,2,0,1,1,1,0,0,0,0,0,0,1,0,0,0,0,2,0,2
Lautropia,0,1,1,0,1,0,0,1,0,1,0,0,0,1,1,1,1,2,1,2,3,0,1,2,1,0,2,0,0,0,0,0,0,0,2,1,3,0,0,0,0,1,0,2,3,0,1,1,1,1,0,0,0,0,0
Acidiphilium,2,0,0,1,0,1,0,0,1,1,0,1,1,0,0,1,1,0,0,1,1,0,1,2,1,0,0,1,0,1,1,2,1,1,0,1,3,1,2,0,0,5,0,0,0,0,0,1,0,0,0,0,0,1,0
Caldilinea,0,0,0,1,0,1,0,1,1,0,1,0,1,0,1,0,2,1,0,1,0,1,1,0,0,0,0,2,0,1,1,1,2,0,1,1,3,1,0,0,0,0,0,2,1,0,0,0,0,0,0,0,1,1,0
Gallionella,1,0,0,2,0,1,0,0,1,1,1,0,1,0,1,0,0,1,0,1,2,3,3,0,1,0,0,0,2,0,0,0,0,1,0,1,2,1,1,0,1,0,0,0,0,0,0,0,0,0,0,0,1,0,0
Skermanella,0,1,1,0,1,1,0,1,0,0,0,0,0,0,3,0,1,1,0,1,0,1,2,0,0,0,1,0,1,0,0,0,0,2,1,3,2,0,0,0,0,1,0,2,0,0,0,0,0,2,0,0,0,0,0
Ralstonia,0,1,3,0,0,0,0,0,1,0,0,1,2,0,4,1,0,1,0,0,1,2,2,0,0,0,1,0,0,1,1,0,0,0,1,0,0,1,1,0,0,0,0,0,1,0,1,0,1,0,1,0,0,0,0
Marichromatium,0,1,0,1,1,1,2,1,1,1,0,0,0,0,1,0,0,0,0,0,0,1,0,0,0,0,1,0,0,2,1,0,0,1,1,1,1,0,0,2,0,1,1,0,0,0,0,0,1,1,1,1,0,0,1
Actinoallomurus,1,2,0,1,1,0,0,2,1,1,0,1,1,0,1,3,0,0,0,0,0,1,1,0,0,0,0,1,1,0,0,1,0,0,1,0,2,0,1,0,0,0,1,0,1,0,0,0,0,0,1,0,0,0,0
Thiohalorhabdus,1,3,1,1,0,0,0,1,1,1,2,0,0,0,1,1,1,0,0,1,1,0,0,0,1,0,0,0,1,1,0,2,0,1,0,1,0,0,0,0,0,1,0,0,0,0,0,0,0,0,2,0,0,1,0
Granulicatella,0,0,0,0,0,0,0,1,0,3,1,0,0,0,1,1,0,1,0,1,0,1,2,0,0,0,0,2,0,0,0,0,0,0,2,1,2,2,1,1,2,0,0,0,0,0,0,0,0,0,0,0,1,0,1
Desulfosarcina,0,0,0,1,0,2,1,1,1,2,0,0,1,0,0,1,0,0,0,0,1,1,1,0,1,0,0,1,1,0,0,1,0,0,2,1,1,0,0,0,1,1,0,0,0,0,0,0,0,0,2,1,0,0,0
Sphingobacterium,1,0,2,0,0,0,0,0,0,0,0,0,0,0,0,0,0,0,0,0,0,0,0,0,0,0,0,0,1,3,0,0,0,0,0,0,0,0,0,0,0,0,0,1,16,0,2,0,0,0,0,0,0,0,0
Kineosporia,0,0,2,1,1,0,0,0,1,0,1,0,0,0,1,1,2,0,0,0,1,2,1,0,0,1,1,0,1,0,1,2,0,0,1,0,1,1,0,1,1,0,1,0,0,0,0,0,0,0,0,0,0,0,0
Pseudonocardia,0,0,0,1,0,2,1,1,0,2,0,0,0,0,3,0,0,0,1,0,0,0,0,0,0,0,0,0,0,2,0,1,1,0,1,0,3,0,1,0,0,1,0,1,2,0,0,1,0,0,0,0,1,0,0
Methylonatrum,1,0,1,1,1,1,2,0,0,0,0,0,1,0,1,0,0,0,0,1,0,0,1,1,0,0,0,1,0,1,0,0,1,0,1,0,1,0,0,1,1,0,1,0,1,0,1,1,0,0,1,0,0,0,1
Borrelia,1,2,0,0,1,0,1,0,0,0,1,0,1,0,0,0,0,0,0,0,2,1,0,0,0,1,0,1,2,0,0,0,1,0,2,0,1,0,1,0,0,0,0,1,0,0,1,0,1,0,0,0,2,0,1
Sebaldella,1,0,0,0,0,0,0,0,0,1,1,2,0,0,0,1,0,0,0,0,0,0,1,1,0,1,1,1,1,0,1,0,1,1,0,0,2,0,0,1,0,1,0,0,1,0,0,1,0,1,0,0,2,0,0
Desulfofrigus,2,1,1,2,1,1,0,0,0,0,0,0,1,0,0,1,1,0,1,2,0,0,0,2,0,0,0,0,0,0,2,0,0,0,0,0,0,0,0,0,0,1,0,0,0,1,0,0,0,0,0,2,1,1,0
Isosphaera,0,1,0,1,0,1,0,0,1,0,0,2,0,0,3,0,0,2,0,1,0,0,2,0,0,0,0,0,0,0,1,2,0,0,0,0,1,2,0,0,1,0,0,0,0,0,1,0,0,0,1,0,1,0,0
Labrys,1,1,0,2,0,0,0,0,0,0,0,1,0,1,1,0,0,1,0,2,0,0,0,0,0,0,0,0,0,0,0,2,1,1,2,2,1,0,0,0,0,1,0,0,0,1,1,0,0,0,0,1,1,0,0
Serinicoccus,1,0,1,1,0,0,0,2,0,0,0,1,1,0,0,0,0,0,0,0,0,0,1,0,2,0,0,0,0,0,1,0,0,0,2,0,3,1,2,0,1,1,1,0,1,1,0,0,0,0,0,0,0,0,0
Johnsonella,0,0,1,3,0,0,1,1,0,0,0,1,1,0,1,0,0,0,0,1,1,0,1,0,0,0,1,2,3,1,1,0,0,0,0,0,2,1,0,0,0,0,0,0,0,0,0,0,0,0,0,0,0,0,0
Jannaschia,0,0,2,0,2,0,1,1,0,0,1,0,1,0,1,0,0,0,0,1,1,0,2,2,0,0,0,1,0,0,0,0,0,0,1,1,0,1,1,0,0,1,0,0,1,0,0,0,1,0,0,0,0,0,0
Fervidobacterium,1,0,0,1,0,0,0,0,1,0,0,0,1,0,1,1,0,1,0,0,0,1,1,1,2,0,1,2,1,1,1,0,0,0,0,0,1,0,0,0,0,0,2,0,1,0,0,0,1,0,0,0,0,0,0
Thioalkalivibrio,0,0,0,0,0,0,0,0,1,0,0,0,0,0,0,0,2,1,2,2,0,0,1,0,0,1,0,1,0,0,0,0,0,0,0,0,0,0,1,0,1,1,0,1,1,2,5,0,0,0,0,0,0,0,0
Fusobacterium,0,0,0,0,0,0,0,3,0,0,0,2,0,0,0,0,0,1,0,0,0,2,1,1,0,0,0,0,0,0,0,0,0,0,0,0,0,1,5,0,0,1,0,1,4,0,0,0,0,1,0,0,0,0,0
Reinekea,0,0,0,1,0,1,1,1,0,0,0,0,0,0,1,0,2,1,0,0,1,3,1,0,2,0,0,0,0,0,0,0,1,0,0,0,0,1,0,0,0,1,0,1,1,0,0,0,0,2,0,0,0,0,0
Anaerolinea,1,0,2,1,0,0,0,3,0,0,1,0,1,0,0,0,0,0,0,1,0,2,0,1,2,0,0,0,1,0,1,0,0,0,0,0,0,1,0,0,1,0,0,1,0,0,0,1,0,0,0,0,0,1,0
Uliginosibacterium,0,0,1,0,0,0,0,0,0,0,1,1,1,1,2,0,0,0,1,0,1,0,1,0,0,0,0,0,0,0,1,1,1,0,2,1,1,0,0,0,0,0,1,2,1,0,1,0,0,0,0,0,0,0,0
Stenoxybacter,0,1,0,2,0,1,0,1,1,0,1,0,2,0,0,0,0,0,0,0,0,1,2,0,1,0,0,0,1,1,0,0,0,0,0,1,0,0,0,0,0,0,1,1,0,0,1,1,0,0,0,1,0,0,0
Dactylosporangium,0,0,0,2,0,0,3,1,0,0,1,0,1,0,0,0,0,0,0,1,5,1,0,0,0,1,0,0,0,0,0,0,1,0,0,0,2,0,0,0,0,0,0,0,0,0,0,0,0,0,0,1,1,0,0
Nannocystis,0,1,2,0,0,0,0,1,1,0,0,0,1,0,0,0,1,0,0,1,0,0,0,0,1,0,0,0,0,0,0,0,2,0,1,0,0,1,1,0,0,0,0,2,1,0,0,0,0,0,1,1,1,0,1
Ammonifex,0,0,0,1,1,1,0,1,0,1,1,1,0,0,0,0,1,0,0,1,0,0,1,0,0,1,0,2,0,0,2,0,0,0,0,0,2,0,1,0,1,0,1,0,0,0,0,0,0,0,0,1,0,0,0
Zobellia,0,0,1,0,0,0,0,0,0,0,0,1,0,0,1,0,0,1,1,1,1,0,2,0,1,1,0,0,1,0,1,0,0,0,1,0,1,0,0,0,0,0,0,2,0,0,0,0,1,1,0,0,1,0,0
Flammeovirga,0,2,0,0,1,0,4,2,0,0,0,0,0,0,1,2,0,0,0,0,1,0,0,0,0,1,0,0,1,0,0,1,0,0,1,0,0,0,1,0,0,0,1,0,0,0,0,0,0,0,0,1,0,0,0
Polaromonas,0,0,0,0,0,1,0,0,0,0,0,0,1,0,1,0,1,0,0,0,2,0,0,0,0,1,0,2,0,0,0,0,1,0,0,0,1,0,1,0,0,0,0,1,4,0,0,0,1,0,0,1,0,0,0
Hydrogenophilus,0,0,1,0,2,0,0,0,0,1,0,0,0,0,0,0,1,0,0,2,1,0,0,1,0,0,0,1,1,0,0,1,0,0,0,0,0,1,1,0,1,1,0,2,0,0,1,0,0,0,0,0,0,0,0
Promicromonospora,0,1,0,0,1,1,0,1,0,0,0,1,0,0,1,0,0,0,0,0,0,2,4,0,0,1,0,0,0,0,0,0,0,0,1,0,0,1,0,0,0,0,1,0,0,0,0,1,0,0,1,0,0,0,1
Aminiphilus,0,0,0,1,0,1,0,0,0,0,0,0,1,0,2,0,1,1,0,0,1,0,2,1,0,0,0,1,1,0,0,1,0,0,0,0,0,0,0,0,1,0,1,0,0,0,0,1,0,0,0,2,0,0,0
Allochromatium,0,0,0,0,0,0,0,0,0,1,0,1,0,0,0,0,0,0,1,1,0,1,1,0,1,0,0,0,0,0,0,0,0,1,0,0,0,0,1,0,0,1,0,2,1,0,2,1,0,0,1,0,0,0,1
Rhodocyclus,0,0,1,0,0,1,0,0,0,1,0,0,0,0,1,0,1,0,0,0,0,2,0,0,0,0,1,1,0,0,0,0,0,0,1,0,1,0,0,0,0,0,0,1,1,0,1,0,0,1,0,0,0,1,1
Candidatus Contubernalis,0,0,0,1,0,0,0,0,0,0,1,0,1,1,1,1,0,0,0,0,1,0,0,0,0,1,0,0,0,0,0,0,1,0,1,0,0,2,1,0,0,0,0,0,1,0,0,0,0,1,1,1,0,0,0
Georgenia,0,0,0,0,1,0,0,0,0,0,0,0,1,0,0,0,1,1,0,0,1,0,2,1,0,0,1,1,1,0,0,0,0,0,1,0,0,0,2,0,0,0,0,1,0,0,0,1,0,0,0,0,1,0,0
Haliangium,0,0,0,0,0,0,1,0,1,0,0,1,0,0,0,1,0,2,1,0,1,2,0,0,1,0,1,0,0,0,0,1,0,0,0,0,1,0,1,0,1,0,0,0,1,0,0,0,0,0,0,0,0,0,0
Actinoplanes,1,0,0,0,1,1,0,0,1,0,0,0,0,0,0,1,1,0,0,0,1,0,2,0,0,0,1,0,0,1,0,2,0,1,0,0,0,0,2,0,0,0,0,0,0,0,0,0,0,0,0,0,0,0,1
Sphingopyxis,0,1,0,1,0,0,0,0,0,1,0,0,0,0,0,0,0,0,0,0,0,0,0,0,1,1,1,1,1,0,1,0,0,0,1,1,3,1,0,0,0,1,0,0,1,0,0,0,0,0,0,0,0,0,0
Actinobacillus,1,0,1,0,1,0,0,0,0,1,0,0,0,1,0,0,0,0,0,1,0,0,2,0,0,0,0,0,0,0,2,1,0,0,1,0,0,0,0,1,0,0,0,0,0,0,0,1,1,0,0,0,1,0,1
Janibacter,1,0,1,1,0,0,0,0,0,1,1,0,0,0,0,0,0,0,0,1,0,1,2,0,0,1,0,0,0,0,0,0,0,0,0,0,0,0,2,0,0,0,0,2,0,0,0,0,0,0,0,0,0,1,1
Sediminibacillus,1,0,0,0,0,1,0,1,0,0,0,1,1,0,0,2,2,0,0,0,0,0,0,0,0,2,0,0,0,0,0,0,0,0,1,0,0,0,1,1,0,0,0,0,1,1,0,0,0,0,0,0,0,0,0
Leucothrix,1,0,0,0,1,1,0,0,1,0,2,0,1,0,1,0,0,0,0,0,1,0,0,0,0,0,0,0,0,0,0,0,1,1,0,0,1,0,1,0,0,0,0,1,0,0,0,0,1,0,0,0,0,1,0
Dokdonella,0,0,1,0,0,1,0,0,0,1,0,0,1,0,0,0,1,0,0,0,1,0,1,0,1,1,0,0,0,0,1,0,0,0,0,0,3,0,0,0,1,0,0,0,1,0,0,0,0,1,0,0,0,0,0
Leptolyngbya,1,0,1,0,0,0,0,0,0,1,1,1,0,0,0,0,0,1,0,0,0,0,1,0,0,0,0,0,0,0,1,0,0,0,0,0,4,0,1,0,0,0,0,0,0,0,0,0,1,0,0,0,0,0,1
Jiangella,0,0,0,1,0,1,1,0,2,0,0,0,1,0,1,0,0,0,0,0,0,0,3,0,0,0,0,0,0,0,0,0,0,0,1,0,0,0,0,0,1,0,0,0,0,0,0,0,0,0,0,1,1,0,0
Citrobacter,0,0,0,0,0,0,0,1,0,0,0,0,0,0,0,0,0,0,0,0,0,0,0,0,0,0,0,0,0,0,0,3,8,1,0,0,0,0,0,0,0,0,0,0,0,0,0,0,0,0,1,0,0,0,0
Bellilinea,0,1,0,1,0,1,0,0,0,0,0,0,0,0,0,0,0,0,0,0,1,0,0,0,0,1,0,0,0,0,0,1,2,0,0,0,0,1,0,1,0,0,0,0,0,0,0,0,1,0,0,0,0,0,2
Magnetospirillum,0,0,0,1,1,0,0,0,1,0,2,0,0,0,1,0,0,0,0,1,1,0,0,0,0,0,0,0,0,0,0,0,0,0,0,1,1,0,0,0,0,0,0,0,1,0,0,0,0,0,0,0,1,0,1
Acidisoma,1,0,1,0,0,0,0,1,0,0,0,1,1,0,2,0,1,0,0,0,0,0,1,0,0,1,0,0,0,0,0,0,0,0,0,0,0,0,0,0,0,1,0,0,0,0,0,0,0,0,0,0,1,0,1
Caulobacter,0,0,0,1,0,1,0,0,0,0,2,0,0,0,0,0,0,1,0,0,0,0,0,0,0,1,0,1,0,0,0,0,0,0,1,0,2,0,0,0,0,0,0,0,0,0,0,0,0,0,0,0,2,0,1
Mogibacterium,0,0,0,0,0,2,0,0,0,0,0,0,1,0,1,0,0,0,0,0,0,0,1,0,0,0,0,0,0,0,1,0,0,0,1,1,1,1,0,0,1,0,0,0,0,0,0,1,0,1,0,0,0,0,0
Thermobacillus,0,0,1,0,0,1,0,0,0,1,0,0,0,0,0,0,0,0,0,1,0,1,0,0,2,0,0,0,0,0,0,0,1,1,0,0,1,0,2,1,0,0,0,0,0,0,0,0,0,0,0,0,0,0,0
Chitinophaga,0,0,0,0,0,0,0,0,0,0,0,0,1,0,0,0,0,0,0,0,1,0,0,0,0,0,0,0,0,0,1,1,0,0,0,0,4,1,3,0,0,0,0,0,0,0,0,0,0,0,0,0,0,0,0
Acidovorax,0,0,0,0,0,0,0,0,0,0,0,1,0,0,1,0,0,0,0,0,1,0,0,0,2,0,0,0,0,1,0,0,0,0,1,1,1,0,0,0,0,0,0,1,0,1,0,0,0,0,0,1,0,0,0
Thermobaculum,1,0,0,0,1,0,0,0,1,0,0,0,0,1,0,0,0,0,0,1,0,1,0,0,0,0,0,0,0,0,0,0,0,0,1,0,1,0,0,0,1,0,0,0,0,0,1,1,0,0,0,0,0,1,0
Candidatus Rhabdochlamydia,0,1,0,0,0,0,0,1,0,0,0,2,0,0,0,0,0,0,0,0,1,0,1,1,0,0,0,1,0,0,0,0,0,0,2,1,0,1,0,0,0,0,0,0,0,0,0,0,0,0,0,0,0,0,0
Limnobacter,0,1,0,0,0,0,0,0,0,0,0,0,1,0,0,1,3,0,0,0,0,1,1,0,0,0,0,0,0,0,0,0,0,0,0,0,0,0,0,0,1,0,1,1,0,0,1,0,0,0,0,0,0,0,0
Runella,0,0,0,1,1,0,0,0,0,0,1,0,0,0,0,0,0,0,0,0,0,1,0,0,0,0,0,0,0,1,0,0,0,0,0,0,5,0,0,0,0,0,2,0,0,0,0,0,0,0,0,0,0,0,0
Halorhodospira,0,0,0,0,0,0,0,0,0,0,1,0,2,0,0,0,0,0,0,0,0,0,0,1,0,1,0,0,1,0,0,0,0,0,0,0,0,0,1,0,1,0,0,1,2,0,0,1,0,0,0,0,0,0,0
Methylobacillus,1,0,1,1,0,0,1,0,0,0,0,0,0,0,1,0,0,0,0,1,0,0,0,0,1,0,0,1,0,0,0,0,0,0,1,0,0,0,1,0,0,0,0,0,0,0,0,1,0,0,0,1,0,0,0
Symbiobacterium,0,0,0,1,0,0,0,0,0,1,2,1,0,0,0,0,0,0,0,0,1,0,0,0,0,0,0,0,0,0,1,0,0,0,0,0,1,0,0,0,0,0,0,1,0,1,0,0,0,0,1,0,0,0,0
Candidatus Tammella,0,0,0,1,1,0,1,0,0,0,0,1,0,0,1,0,0,0,0,1,1,0,0,0,0,0,0,0,1,0,0,0,0,0,1,0,0,0,0,0,0,0,0,0,0,0,0,0,0,0,0,1,0,1,0
Streptacidiphilus,0,0,0,0,1,0,2,0,0,2,0,0,0,0,0,0,0,0,0,0,0,0,0,0,0,2,0,0,0,0,0,0,0,1,2,1,0,0,0,0,0,0,0,0,0,0,0,0,0,0,0,0,0,0,0
Geothrix,0,1,0,0,0,0,0,0,1,0,0,0,1,0,0,0,0,0,0,0,2,0,1,0,1,0,0,0,1,1,0,0,0,0,1,0,0,0,0,0,0,0,0,0,0,0,0,0,0,0,0,0,0,0,0
Curvibacter,0,0,1,0,0,1,0,0,0,1,0,0,2,0,0,0,0,1,0,0,0,0,0,0,0,0,0,0,0,0,0,1,0,0,0,0,1,0,1,0,0,0,0,0,0,0,0,0,0,0,0,0,0,0,0
Bulleidia,0,0,0,0,0,0,0,3,0,1,2,3,0,0,0,0,0,0,0,0,0,0,0,0,0,0,0,0,0,0,0,0,0,0,0,0,0,0,0,0,0,0,0,0,0,0,0,0,0,0,0,0,0,0,0
Dechloromonas,0,0,0,1,0,0,0,0,0,0,0,0,0,0,0,0,0,0,0,0,1,1,0,0,0,0,0,0,0,0,1,0,1,0,0,0,1,0,0,1,0,0,0,0,0,0,1,0,0,0,0,0,0,1,0
Gillisia,0,0,0,0,0,0,0,0,0,0,0,0,0,0,0,0,0,0,0,0,0,0,0,0,0,0,0,0,0,0,0,0,0,0,0,0,0,0,0,0,0,0,0,0,9,0,0,0,0,0,0,0,0,0,0
Candidatus Regiella,0,0,0,0,0,1,0,1,0,0,0,0,0,0,1,0,1,0,0,1,1,0,0,0,0,0,0,0,0,0,0,0,0,0,0,0,0,0,0,0,0,0,0,0,0,0,1,0,2,0,0,0,0,0,0
Sporanaerobacter,0,1,0,0,1,0,0,0,0,0,1,0,0,0,0,0,0,0,0,0,0,1,0,0,0,0,0,0,0,0,1,1,0,1,0,0,0,0,1,0,0,0,0,0,0,0,0,0,0,0,0,0,1,0,0
Holdemania,0,0,0,0,0,0,1,0,1,0,0,0,1,0,0,1,0,1,0,1,0,0,0,0,0,0,0,0,0,0,0,1,0,0,0,0,0,0,0,0,0,1,0,0,0,0,0,0,1,0,0,0,0,0,0
Ferrimicrobium,0,0,0,0,0,1,1,0,0,0,0,0,1,0,0,0,0,0,0,1,0,1,0,0,0,0,0,0,0,0,0,0,0,0,1,0,1,1,0,0,1,0,0,0,0,0,0,0,0,0,0,0,0,0,0
Tetrasphaera,1,1,0,0,0,0,0,1,0,0,0,0,0,0,0,1,1,0,0,0,0,0,0,0,0,0,0,0,0,0,0,0,0,0,1,1,0,0,0,0,0,0,0,0,1,0,0,0,0,0,0,0,0,0,0
Oleomonas,0,0,0,0,1,0,0,0,0,0,0,0,0,0,0,1,1,0,0,0,0,0,1,0,0,0,0,0,0,1,0,0,0,0,0,0,1,1,0,0,0,0,0,0,0,1,0,0,0,0,0,0,0,0,0
Anaeroplasma,0,0,0,0,0,0,0,1,2,0,0,0,0,0,2,0,0,0,0,1,0,0,0,0,0,0,0,0,0,0,0,2,0,0,0,0,0,0,0,0,0,0,0,0,0,0,0,0,0,0,0,0,0,0,0
Desulfonauticus,1,0,0,0,1,0,0,1,1,0,0,0,0,0,0,1,0,0,0,0,0,0,0,0,0,0,0,0,0,0,0,0,0,0,0,1,1,0,0,0,0,0,0,1,0,0,0,0,0,0,0,0,0,0,0
Thermovenabulum,0,1,0,0,0,0,0,0,1,0,0,0,0,0,0,0,1,0,0,0,0,0,0,1,0,0,1,0,0,1,0,0,0,0,0,0,0,0,0,0,1,0,0,0,0,0,0,1,0,0,0,0,0,0,0
Azomonas,0,1,0,0,0,0,0,0,1,0,0,0,0,0,1,0,0,0,0,0,0,0,0,0,0,0,0,0,0,0,0,0,0,0,0,1,1,0,0,0,0,0,0,0,0,0,0,0,0,2,0,1,0,0,0
Avibacterium,0,0,0,0,1,1,1,0,0,0,0,0,0,0,1,0,0,0,0,0,0,0,1,0,0,0,0,1,0,0,0,1,0,0,0,1,0,0,0,0,0,0,0,0,0,0,0,0,0,0,0,0,0,0,0
Chelatococcus,0,0,0,0,0,0,0,0,0,0,0,0,1,0,1,0,0,0,0,0,1,0,0,1,0,0,0,0,0,0,0,1,1,0,0,0,1,0,0,0,0,0,0,0,0,0,0,0,0,0,0,0,0,0,0
Friedmanniella,0,1,0,0,0,0,0,0,0,1,0,1,0,0,0,0,0,1,0,0,0,0,0,0,1,0,0,0,0,0,0,0,0,0,1,0,0,0,0,0,0,0,0,0,0,0,0,0,0,0,0,0,1,0,0
Thiorhodococcus,0,1,0,0,0,0,0,0,0,0,0,0,0,0,0,0,0,0,0,0,0,1,0,1,0,0,0,0,0,0,0,0,0,0,1,0,0,0,0,1,0,0,0,0,0,0,0,1,0,0,0,0,1,0,0
Thalassospira,0,0,0,0,0,0,0,0,1,0,0,0,0,0,0,0,0,0,0,1,0,0,1,0,0,0,0,0,0,0,0,0,0,0,0,0,0,0,1,0,0,1,0,0,0,0,0,0,0,0,0,0,0,0,2
Sutterella,0,0,0,0,1,2,0,0,0,0,0,0,0,0,0,0,0,0,1,0,0,0,0,0,0,0,0,0,0,0,1,0,0,0,0,0,0,0,0,0,0,0,1,0,1,0,0,0,0,0,0,0,0,0,0
Actinocorallia,0,0,0,1,0,0,2,0,0,0,1,1,0,0,0,0,0,0,0,0,0,0,0,0,0,0,0,0,0,0,1,0,0,0,0,0,0,0,0,0,0,0,0,0,0,0,0,0,0,0,0,1,0,0,0
Faecalibacterium,0,0,0,1,0,0,0,0,0,0,0,0,1,0,0,1,0,0,0,0,0,0,0,0,0,1,0,0,0,0,1,0,0,1,0,0,0,0,0,0,0,0,0,0,0,0,0,0,0,0,0,0,0,0,0
Octadecabacter,0,0,0,0,0,1,0,0,0,0,0,0,0,0,0,0,1,0,0,0,0,0,0,0,0,0,0,0,0,0,0,1,0,0,0,0,1,0,0,0,0,0,0,0,0,0,0,0,1,0,1,0,0,0,0
Telmatospirillum,0,0,0,1,0,0,0,0,0,0,0,1,0,0,0,0,0,0,0,0,0,0,0,0,0,0,0,0,0,0,0,0,0,0,0,0,1,1,2,0,0,0,0,0,0,0,0,0,0,0,0,0,0,0,0
Moritella,1,0,0,0,0,0,1,0,0,0,0,0,0,0,0,0,0,0,0,0,0,0,1,0,0,0,0,0,1,1,0,0,0,0,0,0,0,1,0,0,0,0,0,0,0,0,0,0,0,0,0,0,0,0,0
Caldanaerobacter,0,0,0,0,0,0,0,0,0,0,0,0,0,0,0,0,0,0,0,0,0,0,0,0,0,0,0,0,0,1,0,1,0,0,2,0,0,0,1,0,0,0,0,0,0,0,1,0,0,0,0,0,0,0,0
Helicobacter,0,0,1,0,0,0,0,0,0,0,0,0,0,0,1,0,0,0,0,1,0,0,0,0,0,0,0,0,1,0,0,0,0,0,0,0,0,0,0,0,0,0,0,1,0,0,0,0,0,0,0,0,0,0,1
Plesiomonas,0,0,0,0,0,0,0,0,0,0,0,0,0,0,0,0,0,0,0,0,0,0,0,0,0,0,0,0,0,0,0,5,1,0,0,0,0,0,0,0,0,0,0,0,0,0,0,0,0,0,0,0,0,0,0
Desulfurispirillum,0,0,0,1,0,0,0,1,0,0,0,0,0,0,0,0,0,0,0,0,2,0,0,0,0,0,0,1,0,0,0,0,0,0,0,0,1,0,0,0,0,0,0,0,0,0,0,0,0,0,0,0,0,0,0
Lysobacter,0,0,0,0,0,0,0,0,0,0,0,0,0,0,0,0,0,0,0,0,0,0,0,0,0,0,0,0,0,0,0,0,0,0,0,0,2,0,1,0,1,0,0,0,0,0,0,0,0,1,0,0,0,0,0
Marivita,0,0,0,0,0,0,0,0,0,0,0,0,1,0,0,0,0,0,0,0,0,0,0,0,0,0,0,0,0,0,0,1,0,0,0,0,1,0,0,0,0,0,0,1,0,0,0,0,1,0,0,0,0,0,0
Nocardiopsis,0,0,0,0,0,0,0,0,0,0,0,0,0,1,0,0,0,0,0,0,0,0,0,0,0,0,0,0,0,0,0,0,0,0,0,0,2,1,0,0,0,0,0,0,0,0,0,0,0,0,0,0,0,1,0
Turicibacter,0,0,0,0,0,0,0,0,0,0,0,1,0,0,0,0,0,0,0,1,0,0,0,0,1,0,0,0,0,0,0,0,0,0,0,0,0,0,0,0,0,1,0,0,0,0,0,0,0,0,0,0,0,0,1
Lutibacterium,0,0,0,0,0,0,0,0,0,0,0,0,0,0,0,0,0,0,0,0,0,0,0,0,0,0,0,0,0,0,0,0,0,0,0,1,4,0,0,0,0,0,0,0,0,0,0,0,0,0,0,0,0,0,0
Chromobacterium,1,0,0,0,0,1,0,0,0,0,0,0,0,0,0,0,0,0,0,0,0,0,0,0,0,0,0,0,0,1,0,0,0,0,0,0,0,0,1,0,0,0,0,0,0,0,1,0,0,0,0,0,0,0,0
Chthoniobacter,0,0,0,0,0,0,0,0,0,0,0,0,0,0,0,0,0,0,0,0,0,0,0,0,1,0,0,0,0,0,0,0,0,0,0,1,1,2,0,0,0,0,0,0,0,0,0,0,0,0,0,0,0,0,0
Thiobacillus,0,0,1,0,0,0,0,0,0,0,0,0,0,0,0,0,0,0,0,0,0,0,0,0,0,1,0,0,0,0,0,0,0,0,0,0,0,0,0,0,0,0,0,0,2,0,0,1,0,0,0,0,0,0,0
Salegentibacter,0,0,0,0,0,0,0,0,0,0,0,0,1,0,0,0,0,0,0,0,0,0,0,0,0,0,0,0,0,0,0,0,0,0,0,0,0,0,0,0,0,0,0,0,3,0,0,0,0,0,0,0,0,0,0
Prauserella,0,0,0,0,0,0,0,0,0,0,0,0,0,0,0,0,0,0,0,0,0,0,0,0,0,0,0,0,0,0,0,0,0,0,1,0,0,0,0,0,0,1,0,1,0,1,0,0,0,0,0,0,0,0,0
Variovorax,0,0,0,0,0,0,0,0,0,0,0,0,0,0,0,0,0,0,0,0,0,0,0,0,0,0,0,0,0,0,0,0,0,0,0,0,4,0,0,0,0,0,0,0,0,0,0,0,0,0,0,0,0,0,0
Cellvibrio,0,0,0,0,0,0,0,0,0,0,0,0,0,0,0,0,0,0,0,0,0,0,0,0,0,0,0,0,0,0,0,0,0,0,0,0,4,0,0,0,0,0,0,0,0,0,0,0,0,0,0,0,0,0,0
Thiorhodospira,0,0,0,1,0,0,0,0,0,0,0,0,0,0,0,0,0,0,0,0,0,0,0,0,1,0,0,0,0,0,0,0,0,0,0,0,0,0,1,0,0,0,0,0,0,0,0,0,1,0,0,0,0,0,0
Salmonella,0,0,0,0,1,0,0,0,0,0,0,0,0,0,0,0,0,0,0,0,0,0,1,0,0,0,0,0,0,0,0,0,0,0,0,0,0,0,0,0,0,0,0,0,1,1,0,0,0,0,0,0,0,0,0
Psychroflexus,0,0,0,0,0,0,0,0,0,0,0,0,0,0,0,0,0,0,0,0,0,0,0,0,0,0,0,0,0,0,0,0,0,0,0,0,0,0,0,0,0,0,0,1,3,0,0,0,0,0,0,0,0,0,0
Thermomonas,0,0,0,1,0,0,0,0,0,0,0,0,0,0,0,0,0,0,1,0,0,0,0,0,0,0,0,0,0,0,0,0,0,0,0,0,1,0,0,0,0,0,0,0,1,0,0,0,0,0,0,0,0,0,0
Pigmentiphaga,0,0,0,0,0,0,0,0,0,0,0,0,0,0,0,0,0,0,0,0,0,0,0,1,0,0,0,0,0,0,1,0,0,1,0,0,0,0,0,0,0,0,0,0,0,0,1,0,0,0,0,0,0,0,0
Emticicia,1,0,0,0,0,0,0,0,0,0,0,0,0,0,0,0,0,0,0,0,0,0,0,0,0,0,0,0,0,0,0,0,0,0,0,0,1,0,1,0,0,0,0,1,0,0,0,0,0,0,0,0,0,0,0
Kaistia,0,0,0,0,0,0,0,1,0,2,0,0,0,0,0,0,0,0,0,0,0,0,0,0,0,0,0,0,0,0,0,0,0,0,0,0,1,0,0,0,0,0,0,0,0,0,0,0,0,0,0,0,0,0,0
Kutzneria,0,1,0,0,0,0,0,0,0,0,0,0,0,0,0,0,0,0,0,0,0,0,0,0,0,0,0,1,0,0,0,0,0,0,0,0,0,0,0,0,0,0,0,1,0,0,0,0,0,0,0,0,0,0,0
Brachyspira,0,0,0,0,1,0,0,0,0,0,0,0,0,0,0,0,0,0,0,0,0,0,1,0,0,0,0,0,0,0,0,0,0,0,0,0,0,0,0,0,0,0,0,0,0,0,0,0,0,0,0,0,0,0,1
Saccharomonospora,0,0,0,0,1,0,0,0,0,0,0,0,0,0,0,0,0,0,0,0,0,0,0,0,0,0,0,0,0,0,0,0,0,0,0,0,0,1,0,0,0,1,0,0,0,0,0,0,0,0,0,0,0,0,0
Kineococcus,0,0,0,0,0,0,0,0,0,0,0,0,0,1,0,0,0,0,0,0,1,0,1,0,0,0,0,0,0,0,0,0,0,0,0,0,0,0,0,0,0,0,0,0,0,0,0,0,0,0,0,0,0,0,0
Longilinea,0,0,0,0,0,0,0,1,0,0,0,0,0,0,0,0,0,0,0,0,0,0,0,0,0,0,0,0,0,0,0,0,0,0,0,0,0,0,0,0,0,0,0,1,1,0,0,0,0,0,0,0,0,0,0
Niabella,0,0,0,0,0,0,0,0,0,0,0,0,0,0,0,0,0,1,0,0,0,0,0,0,0,0,0,0,1,0,0,0,0,0,0,0,0,0,0,0,0,0,0,0,0,0,0,0,0,0,0,0,1,0,0
Phycicoccus,0,0,0,0,0,0,0,0,0,0,0,0,0,0,0,0,0,0,0,0,0,0,0,0,0,1,0,0,0,0,0,0,0,0,1,0,1,0,0,0,0,0,0,0,0,0,0,0,0,0,0,0,0,0,0
Schlegelella,0,0,0,0,0,0,0,0,0,0,0,0,0,0,0,0,0,0,0,0,0,0,0,0,0,0,0,0,0,0,0,0,0,0,0,1,2,0,0,0,0,0,0,0,0,0,0,0,0,0,0,0,0,0,0
Isoptericola,0,0,0,0,0,0,0,0,0,1,0,0,0,0,0,0,0,0,0,0,0,1,0,0,0,0,0,1,0,0,0,0,0,0,0,0,0,0,0,0,0,0,0,0,0,0,0,0,0,0,0,0,0,0,0
Mycoplana,0,0,0,0,0,0,0,0,0,0,0,0,0,0,0,0,0,0,0,0,0,0,0,0,0,0,0,0,0,0,0,0,0,0,0,0,2,1,0,0,0,0,0,0,0,0,0,0,0,0,0,0,0,0,0
Marinobacterium,0,0,0,0,0,0,0,0,0,0,1,0,0,0,0,0,1,0,0,0,0,0,0,0,0,0,0,0,0,0,0,0,0,0,0,0,0,0,0,0,0,0,0,0,0,0,0,0,0,0,0,0,0,0,1
Segetibacter,0,0,0,0,0,0,0,0,0,0,0,0,0,0,0,0,0,0,0,0,0,0,0,0,0,0,0,0,0,0,0,0,0,0,0,0,2,1,0,0,0,0,0,0,0,0,0,0,0,0,0,0,0,0,0
Zhihengliuella,0,0,1,0,0,0,0,0,0,0,0,0,0,0,0,0,0,1,0,0,0,0,0,0,0,0,0,0,0,0,0,0,0,0,0,0,0,0,0,0,1,0,0,0,0,0,0,0,0,0,0,0,0,0,0
Flavisolibacter,0,0,0,0,0,0,0,0,0,0,0,0,0,0,0,0,0,0,0,0,0,0,0,0,0,0,0,0,0,0,0,0,0,0,0,0,2,0,1,0,0,0,0,0,0,0,0,0,0,0,0,0,0,0,0
Bosea,0,0,0,0,0,0,0,0,0,0,0,0,0,0,0,0,0,0,0,0,0,0,0,0,0,0,0,0,0,0,0,0,0,0,0,0,1,0,0,0,1,0,0,0,0,0,0,0,0,0,0,0,0,0,0
Leptothrix,0,0,0,0,0,0,0,0,0,0,0,0,0,0,0,0,0,0,0,0,0,0,0,0,0,0,0,0,1,0,0,0,0,0,1,0,0,0,0,0,0,0,0,0,0,0,0,0,0,0,0,0,0,0,0
Candidatus Protochlamydia,0,0,0,0,0,0,0,0,0,0,0,0,0,0,0,0,0,0,0,0,0,0,0,0,0,0,0,2,0,0,0,0,0,0,0,0,0,0,0,0,0,0,0,0,0,0,0,0,0,0,0,0,0,0,0
Planctomyces,0,0,0,0,0,0,0,0,0,0,0,0,0,0,0,0,0,0,0,0,0,0,0,0,0,0,0,0,0,0,0,0,0,0,0,0,2,0,0,0,0,0,0,0,0,0,0,0,0,0,0,0,0,0,0
Pseudoclavibacter,0,0,0,0,0,0,0,0,0,0,0,0,0,0,0,0,0,0,0,0,0,0,0,0,0,0,2,0,0,0,0,0,0,0,0,0,0,0,0,0,0,0,0,0,0,0,0,0,0,0,0,0,0,0,0
Deefgea,0,0,0,0,0,0,0,0,0,0,0,0,0,0,0,0,0,0,0,0,0,0,0,0,0,0,0,0,0,0,0,0,0,0,0,0,2,0,0,0,0,0,0,0,0,0,0,0,0,0,0,0,0,0,0
Halothiobacillus,0,0,0,0,0,0,0,0,0,0,0,0,0,0,0,0,0,0,0,0,0,0,0,0,0,0,0,0,0,0,0,0,0,0,0,1,0,0,0,0,0,0,0,0,1,0,0,0,0,0,0,0,0,0,0
Zhouia,0,0,0,0,0,0,0,0,0,0,0,0,0,0,0,0,0,0,0,0,0,0,0,0,0,0,0,0,0,0,0,0,0,0,0,0,0,1,1,0,0,0,0,0,0,0,0,0,0,0,0,0,0,0,0
Roseivivax,0,0,0,0,0,0,0,0,0,0,0,0,0,0,0,0,0,0,0,0,0,0,0,0,0,0,0,0,0,0,0,0,0,0,1,0,0,0,1,0,0,0,0,0,0,0,0,0,0,0,0,0,0,0,0
Spirosoma,0,0,0,0,0,0,0,0,0,0,0,0,0,0,0,0,0,0,0,0,0,0,0,0,0,0,0,0,0,0,0,0,0,0,0,0,0,1,0,0,0,0,0,0,0,0,0,0,0,0,0,0,0,1,0
Candidatus Phlomobacter,0,0,0,0,0,0,0,0,0,0,0,0,0,0,0,0,0,0,0,0,0,0,0,0,0,0,0,0,0,0,0,0,0,0,0,0,0,0,0,0,0,0,0,0,0,0,0,0,0,0,0,0,2,0,0
Opitutus,0,0,0,0,0,0,0,0,0,0,0,0,0,0,0,0,0,0,0,0,0,0,0,0,0,0,0,0,0,0,0,0,0,0,0,0,1,1,0,0,0,0,0,0,0,0,0,0,0,0,0,0,0,0,0
Rubritalea,0,0,0,0,0,0,0,0,0,0,0,0,0,0,0,0,0,0,0,0,0,0,0,0,0,0,0,0,0,0,0,0,0,0,0,0,0,0,1,0,0,0,0,1,0,0,0,0,0,0,0,0,0,0,0
Oceanospirillum,0,0,0,0,0,0,0,0,0,0,0,0,0,0,0,0,0,0,0,0,0,0,0,0,0,0,0,0,0,0,0,0,2,0,0,0,0,0,0,0,0,0,0,0,0,0,0,0,0,0,0,0,0,0,0
Parabacteroides,0,0,0,0,0,0,0,0,0,0,0,0,0,0,0,0,0,0,0,0,0,0,0,0,0,0,0,0,0,0,0,0,0,0,0,0,0,0,0,0,0,0,0,0,1,0,0,0,0,0,0,0,1,0,0
Pedomicrobium,0,0,0,0,0,0,0,0,0,0,0,0,0,0,0,0,1,0,0,0,1,0,0,0,0,0,0,0,0,0,0,0,0,0,0,0,0,0,0,0,0,0,0,0,0,0,0,0,0,0,0,0,0,0,0
Citricoccus,0,0,1,0,0,0,0,0,0,0,0,0,0,0,0,0,0,0,0,0,0,0,0,0,0,0,0,0,0,0,0,0,0,0,0,0,1,0,0,0,0,0,0,0,0,0,0,0,0,0,0,0,0,0,0
Gallibacterium,0,1,0,0,0,0,0,0,0,0,0,0,0,0,0,0,0,0,0,0,0,0,1,0,0,0,0,0,0,0,0,0,0,0,0,0,0,0,0,0,0,0,0,0,0,0,0,0,0,0,0,0,0,0,0
Actinobaculum,0,0,0,0,0,0,0,0,0,0,0,0,0,0,1,0,0,0,0,0,0,0,0,1,0,0,0,0,0,0,0,0,0,0,0,0,0,0,0,0,0,0,0,0,0,0,0,0,0,0,0,0,0,0,0
Dermatophilus,0,0,0,0,0,0,0,0,0,1,0,0,0,0,0,0,0,0,0,0,0,0,0,0,0,0,0,0,0,0,0,0,0,0,0,0,1,0,0,0,0,0,0,0,0,0,0,0,0,0,0,0,0,0,0
Alloscardovia,0,0,0,0,0,0,0,0,0,1,0,1,0,0,0,0,0,0,0,0,0,0,0,0,0,0,0,0,0,0,0,0,0,0,0,0,0,0,0,0,0,0,0,0,0,0,0,0,0,0,0,0,0,0,0
Neisseria,0,0,0,0,0,1,0,0,0,0,0,0,0,0,0,0,0,0,0,0,0,0,0,0,0,0,0,0,0,0,0,0,0,0,1,0,0,0,0,0,0,0,0,0,0,0,0,0,0,0,0,0,0,0,0
Blastomonas,0,0,0,0,0,0,0,0,0,0,0,2,0,0,0,0,0,0,0,0,0,0,0,0,0,0,0,0,0,0,0,0,0,0,0,0,0,0,0,0,0,0,0,0,0,0,0,0,0,0,0,0,0,0,0
Methanocorpusculum,0,0,1,0,0,0,0,0,0,0,0,0,0,0,0,0,0,0,0,0,0,0,0,0,0,0,0,0,0,0,0,0,0,0,0,0,0,0,0,0,1,0,0,0,0,0,0,0,0,0,0,0,0,0,0
Methylomonas,0,0,0,0,0,0,0,0,0,0,1,0,0,0,0,0,0,0,0,0,0,0,0,0,0,0,0,0,1,0,0,0,0,0,0,0,0,0,0,0,0,0,0,0,0,0,0,0,0,0,0,0,0,0,0
Hydrogenophaga,0,0,0,0,0,0,0,0,0,0,0,0,0,0,0,0,0,0,0,0,1,0,1,0,0,0,0,0,0,0,0,0,0,0,0,0,0,0,0,0,0,0,0,0,0,0,0,0,0,0,0,0,0,0,0
Pirellula,0,0,0,0,0,0,0,0,0,0,0,0,0,0,0,0,0,0,0,0,0,0,0,1,0,0,0,1,0,0,0,0,0,0,0,0,0,0,0,0,0,0,0,0,0,0,0,0,0,0,0,0,0,0,0
Acidocella,0,0,0,0,0,0,0,0,0,0,0,0,0,0,0,0,0,0,0,0,0,0,1,0,0,0,0,0,0,0,0,0,0,1,0,0,0,0,0,0,0,0,0,0,0,0,0,0,0,0,0,0,0,0,0
Granulicella,0,0,0,0,0,0,0,0,0,0,0,0,0,0,0,0,0,0,0,0,0,0,1,0,0,0,0,0,0,1,0,0,0,0,0,0,0,0,0,0,0,0,0,0,0,0,0,0,0,0,0,0,0,0,0
Anaeromusa,0,0,1,0,0,0,0,0,0,0,0,0,0,0,0,0,0,0,0,0,0,0,0,0,0,0,0,0,0,0,0,0,0,0,0,1,0,0,0,0,0,0,0,0,0,0,0,0,0,0,0,0,0,0,0
Kaistobacter,0,0,0,1,0,0,0,0,0,0,0,0,0,0,0,0,0,0,0,0,0,0,0,0,0,0,0,0,0,0,0,0,0,0,0,0,0,1,0,0,0,0,0,0,0,0,0,0,0,0,0,0,0,0,0
Methylocella,0,0,0,0,0,1,0,0,0,0,0,0,0,0,0,0,0,0,0,0,0,0,1,0,0,0,0,0,0,0,0,0,0,0,0,0,0,0,0,0,0,0,0,0,0,0,0,0,0,0,0,0,0,0,0
Salinivibrio,0,0,0,0,0,0,0,0,0,0,0,0,0,0,0,0,0,0,0,0,0,1,0,0,0,0,0,0,0,0,0,0,0,0,0,0,0,0,0,0,0,0,0,0,0,0,0,0,0,1,0,0,0,0,0
Pelobacter,0,0,0,0,0,0,0,0,1,0,0,0,0,0,0,0,0,0,0,0,0,0,0,0,0,0,0,0,0,0,0,0,0,0,0,0,0,0,0,1,0,0,0,0,0,0,0,0,0,0,0,0,0,0,0
Desulfonatronovibrio,0,0,1,0,0,0,0,0,0,0,0,0,0,0,0,0,1,0,0,0,0,0,0,0,0,0,0,0,0,0,0,0,0,0,0,0,0,0,0,0,0,0,0,0,0,0,0,0,0,0,0,0,0,0,0
Nitratireductor,0,0,0,0,0,1,0,0,0,0,0,0,0,0,0,0,0,0,0,0,0,0,0,0,0,0,0,0,0,0,0,0,0,0,0,0,0,0,0,0,0,0,0,0,0,0,0,0,0,0,0,0,0,0,0
Prosthecobacter,0,0,0,0,0,0,0,0,0,0,0,0,0,0,0,0,0,0,0,0,0,0,0,0,0,0,0,0,0,0,0,0,0,0,0,0,1,0,0,0,0,0,0,0,0,0,0,0,0,0,0,0,0,0,0
Terracoccus,0,0,0,0,0,0,0,0,0,0,0,0,0,0,0,0,0,0,0,0,0,0,0,0,0,0,0,0,0,0,0,0,0,0,0,0,1,0,0,0,0,0,0,0,0,0,0,0,0,0,0,0,0,0,0
Xylella,0,0,0,0,0,0,0,0,0,0,0,0,0,0,0,0,0,0,0,0,0,0,0,0,0,0,0,0,0,0,0,0,0,0,0,0,1,0,0,0,0,0,0,0,0,0,0,0,0,0,0,0,0,0,0
Methylibium,0,0,0,0,0,0,0,0,0,0,0,0,0,0,0,0,0,0,0,0,0,0,0,0,0,0,0,0,0,0,0,0,0,0,0,0,1,0,0,0,0,0,0,0,0,0,0,0,0,0,0,0,0,0,0
Meiothermus,0,0,0,0,0,0,0,0,0,0,0,0,0,0,0,0,0,0,0,0,0,0,0,0,0,0,0,0,0,0,0,0,0,0,0,0,0,0,0,0,0,0,0,0,0,0,0,0,0,0,0,0,0,0,1
Yonghaparkia,0,0,0,0,0,0,0,0,0,0,0,0,0,0,0,0,0,0,0,0,0,0,0,0,0,0,0,0,0,0,0,0,0,0,0,0,0,0,0,0,0,0,0,0,0,0,0,0,0,0,0,0,1,0,0
Cryocola,0,0,0,0,0,0,0,0,0,0,0,0,0,0,0,0,0,0,0,0,0,0,0,0,0,0,0,0,0,0,0,0,0,0,0,0,0,0,0,0,0,0,0,0,0,0,0,0,0,1,0,0,0,0,0
Anaerofilum,0,0,0,0,0,0,0,0,0,0,0,0,0,0,0,0,0,0,0,0,0,0,0,0,0,0,0,0,0,0,0,0,0,0,0,0,0,0,0,0,0,0,0,0,0,0,1,0,0,0,0,0,0,0,0
Cetobacterium,0,0,0,0,0,0,0,0,0,0,0,0,0,0,0,0,0,0,0,0,0,0,0,0,0,0,0,0,0,0,0,0,0,0,0,0,0,0,0,0,0,0,0,0,1,0,0,0,0,0,0,0,0,0,0
Achromobacter,0,0,0,0,0,0,0,0,0,0,0,0,0,0,0,0,0,0,0,0,0,0,0,0,0,0,0,0,0,0,0,0,0,0,0,0,0,0,0,0,0,0,0,1,0,0,0,0,0,0,0,0,0,0,0
Arenimonas,0,0,0,0,0,0,0,0,0,0,0,0,0,0,0,0,0,0,0,0,0,0,0,0,0,0,0,0,0,0,0,0,0,0,0,0,0,0,0,0,0,1,0,0,0,0,0,0,0,0,0,0,0,0,0
Chelonobacter,0,0,0,0,0,0,0,0,0,0,0,0,0,0,0,0,0,0,0,0,0,0,0,0,0,0,0,0,0,0,0,0,0,0,0,0,0,0,0,0,1,0,0,0,0,0,0,0,0,0,0,0,0,0,0
Odoribacter,0,0,0,1,0,0,0,0,0,0,0,0,0,0,0,0,0,0,0,0,0,0,0,0,0,0,0,0,0,0,0,0,0,0,0,0,0,0,0,0,0,0,0,0,0,0,0,0,0,0,0,0,0,0,0
Sphaerisporangium,0,0,0,0,0,0,0,0,0,0,0,0,0,0,0,0,0,0,0,0,0,0,0,0,0,0,0,0,0,0,0,0,0,0,0,0,0,1,0,0,0,0,0,0,0,0,0,0,0,0,0,0,0,0,0
Winogradskyella,0,0,0,0,0,0,0,0,0,0,0,0,0,0,0,0,0,0,0,0,0,0,0,0,0,0,0,0,0,0,0,0,0,0,0,0,0,1,0,0,0,0,0,0,0,0,0,0,0,0,0,0,0,0,0
Azorhizophilus,0,0,0,0,0,0,1,0,0,0,0,0,0,0,0,0,0,0,0,0,0,0,0,0,0,0,0,0,0,0,0,0,0,0,0,0,0,0,0,0,0,0,0,0,0,0,0,0,0,0,0,0,0,0,0
Hahella,0,0,0,0,0,0,0,0,0,0,0,0,0,0,0,0,0,0,0,0,0,0,0,0,0,0,0,0,0,0,0,0,0,1,0,0,0,0,0,0,0,0,0,0,0,0,0,0,0,0,0,0,0,0,0
Methyloversatilis,0,0,0,0,0,0,0,0,0,0,0,0,0,0,0,0,0,0,0,0,0,0,0,0,0,0,0,0,0,0,0,0,1,0,0,0,0,0,0,0,0,0,0,0,0,0,0,0,0,0,0,0,0,0,0
Pilimelia,0,0,0,0,0,0,0,0,0,0,0,0,0,0,0,1,0,0,0,0,0,0,0,0,0,0,0,0,0,0,0,0,0,0,0,0,0,0,0,0,0,0,0,0,0,0,0,0,0,0,0,0,0,0,0
Prochlorothrix,0,0,0,0,0,0,0,0,0,0,0,0,0,0,0,0,0,0,0,0,0,0,0,0,0,0,0,0,0,0,1,0,0,0,0,0,0,0,0,0,0,0,0,0,0,0,0,0,0,0,0,0,0,0,0
Gramella,0,0,0,0,0,0,0,0,0,0,0,0,0,0,0,0,0,0,0,0,0,0,0,0,0,0,0,0,1,0,0,0,0,0,0,0,0,0,0,0,0,0,0,0,0,0,0,0,0,0,0,0,0,0,0
Edwardsiella,0,0,0,0,0,0,0,0,0,0,0,0,0,0,0,0,0,0,0,0,1,0,0,0,0,0,0,0,0,0,0,0,0,0,0,0,0,0,0,0,0,0,0,0,0,0,0,0,0,0,0,0,0,0,0
Gemmata,0,0,0,0,0,0,0,0,0,0,0,0,0,0,0,0,0,0,0,0,0,0,0,0,0,0,0,1,0,0,0,0,0,0,0,0,0,0,0,0,0,0,0,0,0,0,0,0,0,0,0,0,0,0,0
Waddlia,0,0,0,0,0,0,0,0,0,0,0,0,0,0,0,0,0,0,0,0,0,0,0,0,0,0,0,1,0,0,0,0,0,0,0,0,0,0,0,0,0,0,0,0,0,0,0,0,0,0,0,0,0,0,0
Dialister,0,0,0,0,0,0,0,0,0,0,0,0,0,0,0,0,0,0,0,0,0,0,0,0,0,0,1,0,0,0,0,0,0,0,0,0,0,0,0,0,0,0,0,0,0,0,0,0,0,0,0,0,0,0,0
Denitratisoma,0,0,0,0,0,0,0,0,0,0,0,0,0,0,0,0,0,0,0,0,0,0,0,0,0,1,0,0,0,0,0,0,0,0,0,0,0,0,0,0,0,0,0,0,0,0,0,0,0,0,0,0,0,0,0
Eubacterium,0,0,0,0,0,0,0,0,0,0,0,0,0,0,0,0,0,0,0,0,0,0,0,0,0,1,0,0,0,0,0,0,0,0,0,0,0,0,0,0,0,0,0,0,0,0,0,0,0,0,0,0,0,0,0
Fructobacillus,0,0,0,0,0,0,0,0,0,0,0,1,0,0,0,0,0,0,0,0,0,0,0,0,0,0,0,0,0,0,0,0,0,0,0,0,0,0,0,0,0,0,0,0,0,0,0,0,0,0,0,0,0,0,0
Pasteurella,0,0,0,0,0,0,0,1,0,0,0,0,0,0,0,0,0,0,0,0,0,0,0,0,0,0,0,0,0,0,0,0,0,0,0,0,0,0,0,0,0,0,0,0,0,0,0,0,0,0,0,0,0,0,0
Pedosphaera,0,0,0,0,0,0,0,0,0,0,0,0,0,0,0,0,0,0,0,0,0,0,0,0,0,0,0,0,0,0,0,0,0,0,0,0,1,0,0,0,0,0,0,0,0,0,0,0,0,0,0,0,0,0,0
Pontibacter,1,0,0,0,0,0,0,0,0,0,0,0,0,0,0,0,0,0,0,0,0,0,0,0,0,0,0,0,0,0,0,0,0,0,0,0,0,0,0,0,0,0,0,0,0,0,0,0,0,0,0,0,0,0,0
Azohydromonas,0,0,0,0,0,0,0,0,0,0,0,0,0,0,0,0,0,0,0,0,0,0,0,0,0,0,0,0,0,0,0,0,0,0,0,0,1,0,0,0,0,0,0,0,0,0,0,0,0,0,0,0,0,0,0
Janthinobacterium,0,0,0,0,0,0,0,0,0,0,0,0,0,0,0,0,0,0,0,0,0,0,0,0,0,0,0,0,0,0,0,0,0,0,0,0,1,0,0,0,0,0,0,0,0,0,0,0,0,0,0,0,0,0,0
Cryptosporangium,0,0,0,0,0,0,0,0,0,0,0,0,0,0,0,0,0,0,0,0,0,0,0,0,0,0,0,0,0,0,0,0,0,0,0,0,1,0,0,0,0,0,0,0,0,0,0,0,0,0,0,0,0,0,0
Puniceicoccus,0,0,0,0,0,0,0,0,0,1,0,0,0,0,0,0,0,0,0,0,0,0,0,0,0,0,0,0,0,0,0,0,0,0,0,0,0,0,0,0,0,0,0,0,0,0,0,0,0,0,0,0,0,0,0
Nodularia,0,0,0,0,0,0,0,0,0,0,1,0,0,0,0,0,0,0,0,0,0,0,0,0,0,0,0,0,0,0,0,0,0,0,0,0,0,0,0,0,0,0,0,0,0,0,0,0,0,0,0,0,0,0,0
Idiomarina,0,0,0,0,0,0,0,0,0,0,0,0,0,0,0,0,0,0,0,0,0,0,0,0,0,0,0,0,0,0,0,0,0,0,0,1,0,0,0,0,0,0,0,0,0,0,0,0,0,0,0,0,0,0,0
Acetohalobium,0,0,0,0,0,0,0,0,0,0,0,1,0,0,0,0,0,0,0,0,0,0,0,0,0,0,0,0,0,0,0,0,0,0,0,0,0,0,0,0,0,0,0,0,0,0,0,0,0,0,0,0,0,0,0
Afifella,0,0,0,0,0,0,0,0,0,0,0,0,0,0,0,0,0,0,0,0,0,0,0,0,0,0,0,0,0,0,0,0,0,0,1,0,0,0,0,0,0,0,0,0,0,0,0,0,0,0,0,0,0,0,0
Thermosipho,0,0,0,0,0,0,0,0,0,0,0,0,0,0,0,0,0,0,0,0,0,0,0,0,0,0,0,0,0,0,0,0,0,0,0,0,0,0,0,0,0,0,0,0,0,0,0,0,0,0,0,0,0,0,1
